num_agente,nombre_agente,paterno_agente,materno_agente,ciudad_agente,calle_agente,numero_agente,CP_agente,telefono_celular_agente,correo_electronico_agente
1,ELISA,BLANCO,RUBIO,ALVARO OBREGON,CANAL SECO  ,1187,60327,55-93-71-94-53,ygeorghiou0@chron.com
2,DANIEL,REYES,MORA,COYOACAN,FRESNOS  ,103,69953,55-90-43-95-06,sdabnor1@behance.net
3,ANTONIA,RUIZ,NUNEZ,TLAHUAC,TENTEL  ,78014,48372,55-87-82-93-94,btorns2@fotki.com
4,INES,RUBIO,MONTERO,IZTAPALAPA,LERDO  ,2,93618,55-12-77-50-38,cmanjin3@weebly.com
5,ALEJANDRA,CANO,CORTES,CUAJIMALPA,EMILIO LAURENT  ,2227,48469,55-34-58-64-54,nsodory4@npr.org
6,CAYETANO,ORTIZ,CORTES,BENITO JUAREZ,CDA.DE LA SOLEDAD  ,117,50629,55-83-97-89-02,crymmer5@delicious.com
7,GREGORIO,GIL,VICENTE,TLALPAN,DA CERRADA DE DURAZNOS  ,11,87240,55-13-47-85-28,rruusa6@howstuffworks.com
8,EUGENIA,ARIAS,VIDAL,CUAHUTEMOC,MOCTEZUMA  ,188,47907,55-14-34-42-82,aivashnikov7@mit.edu
9,JORDI,HIDALGO,BLANCO,GUSTAVO A. MADERO,CAMINO REAL AL AJUSCO  ,29495,75389,55-09-60-30-29,cbuckie8@tiny.cc
10,JAUME,MARIN,BRAVO,VENUSTIANO CARRANZA,YUCATAN  ,3,88378,55-74-77-27-15,mwethers9@tmall.com
11,VICTORIA,ROMERO,GARRIDO,MIGUEL HIDALGO,CALZADA DE LAS BOMBAS  ,56,53787,55-65-21-66-98,zheywortha@oakley.com
12,ISAAC,MORA,RAMIREZ,IZTACALCO,NORTE   ,815,86228,55-56-98-34-55,gbaishb@slideshare.net
13,EDUVIGIS,JIMENEZ,SERRANO,AZCAPOTZALCO,CDA DE MINAS  ,6,83028,55-90-05-02-97,mfleemingc@nationalgeographic.com
14,ORIOL,CABALLERO,MOYA,ALVARO OBREGON,DISTRITO EL PLAN  ,14,24135,55-58-03-37-88,xohannayd@discuz.net
15,ELENA,SANCHEZ,LORENZO,COYOACAN,PRIV. JESUS LECUONA  ,6,75529,55-85-83-12-89,asivile@seesaa.net
16,RUFO,MORENO,RAMIREZ,TLAHUAC,FERRARA  ,33361,17348,55-86-50-70-16,earissf@godaddy.com
17,TEODOSIA,VICENTE,DIAZ,IZTAPALAPA,PROL AHUEJOTES  ,1,28783,55-69-58-51-11,retchinghamg@illinois.edu
18,MATILDE,PARRA,BLESA,CUAJIMALPA,IGNACIO L. VALLARTA  ,996,34580,55-79-59-71-75,rmaddysonh@intel.com
19,NICODEMO,DELGADO,GARCIA,BENITO JUAREZ,BOLIVAR  ,63,89948,55-28-67-60-68,jgatheri@hao123.com
20,TOMAS,MORALES,MENDEZ,TLALPAN,CERRO DE LA ESTRELLA  ,9,14524,55-37-91-10-93,agalbreathj@rambler.ru
21,HUGO,RAMIREZ,GUERRERO,CUAHUTEMOC,CAOBAN  ,49,13469,55-71-42-30-04,tmougelk@discovery.com
22,JONAS,DOMINGUEZ,REYES,GUSTAVO A. MADERO,VELAZQUEZ DE LEON  ,4,31518,55-71-68-25-93,wimpletonl@blog.com
23,VIRGINIA,JIMENEZ,SOTO,VENUSTIANO CARRANZA,TLACOTAL  ,215,76777,55-63-42-84-88,gmuirheadm@elegantthemes.com
24,ESDRAS,PASCUAL,MENDEZ,MIGUEL HIDALGO,AV. LA HUERTA  ,57,10263,55-17-64-76-73,tjappn@meetup.com
25,JOAQUIN,CAMBIL,FLORES,IZTACALCO,CAOBAN  ,58,19246,55-61-51-92-64,ejesso@state.gov
26,COLOMBO,BRAVO,GONZALEZ,AZCAPOTZALCO,MONTE ALBAN  ,187,74461,55-31-14-30-48,lworvillp@netlog.com
27,SALVADOR,CANO,GALLARDO,ALVARO OBREGON,CERRADA CABRERA  ,39,18671,55-52-73-66-89,cquartermainq@timesonline.co.uk
28,RODRIGO,REYES,ORTEGA,COYOACAN,LAS FLORES  ,9,36274,55-18-67-04-32,mmawdittr@soup.io
29,ANNA,BRAVO,PRIETO,TLAHUAC,HEROES DE NACOZARI  ,9,69120,55-09-80-17-39,djakubiaks@hc360.com
30,CAMILO,GARRIDO,CALVO,IZTAPALAPA,DR ARCE  ,2,14992,55-91-79-41-21,mgiacubot@nifty.com
31,ILDEFONSO,FERRER,SAEZ,CUAJIMALPA,NORTE   ,11,21112,55-44-55-54-47,mmoxsteadu@smh.com.au
32,PETRONILA,MARQUEZ,MOLINA,BENITO JUAREZ,BILBAO  ,8900,36859,55-61-61-83-50,tiglesiav@arizona.edu
33,MATILDE,MONTERO,HERRERO,TLALPAN,REAL DE LA ARBOLEDA  ,471,46955,55-58-00-28-57,akopw@wikimedia.org
34,ADRIAN,PASTOR,MORALES,CUAHUTEMOC,HACIENDA DE PEÑUELAS  ,2,64371,55-10-70-24-56,ajeannessonx@europa.eu
35,ADALBERTO,CRESPO,RAMOS,GUSTAVO A. MADERO,CONTADORES  ,6392,46720,55-41-54-28-24,bmustony@amazon.com
36,IVAN,GUERRERO,MORALES,VENUSTIANO CARRANZA,SAN MARCOS  ,2709,49296,55-36-41-34-13,mhottonz@geocities.com
37,LADISLAO,IBANEZ,CARMONA,MIGUEL HIDALGO,RAFAELA LOPEZ AGUADO  ,71,36011,55-34-46-41-39,kbrand10@bbb.org
38,TADEO,GALLARDO,SERRANO,IZTACALCO,MIGUEL NEGRETE  ,32,98777,55-13-72-95-96,jmaryin11@yellowpages.com
39,HOMERO,MENDEZ,GUTIERREZ,AZCAPOTZALCO,CDA. DE FRANCISCO CASTAÑEDA  ,2,20365,55-98-33-52-42,laps12@statcounter.com
40,CARMELO,CANO,GALLARDO,ALVARO OBREGON,TECNICOS Y MANUALES  ,38203,55578,55-78-67-82-58,mputson13@vimeo.com
41,ARACELI,CRUZ,MONTERO,COYOACAN,AVENIDA SAUCES  ,7847,73636,55-38-89-46-40,cclemintoni14@go.com
42,ARCADIO,GIMENEZ,MORALES,TLAHUAC,PUERTO RICO  ,180,98578,55-53-74-40-86,tlishman15@usatoday.com
43,DAMASO,BRAVO,DURAN,IZTAPALAPA,QUETZALCOATL  ,45,75376,55-08-65-64-17,nbarwack16@wikia.com
44,AMELIA,PASCUAL,GIMENEZ,CUAJIMALPA,CIRCUITO PLAZA DE LA PAJA  ,25431,44081,55-29-98-02-86,lstpaul17@histats.com
45,MARIANO,GIMENEZ,RAMIREZ,BENITO JUAREZ,CD. TABAQUILLO  ,42702,12896,55-68-45-06-09,ksprulls18@diigo.com
46,CONRADO,PRIETO,GALLARDO,TLALPAN,RETORNO  DE TRONCOSO  ,69,29889,55-22-55-07-35,sdalgarnocht19@homestead.com
47,FAUSTINO,FUENTES,BENITEZ,CUAHUTEMOC,HDA DE JILOTEPC  ,11,80583,55-60-14-49-40,kpannett1a@networkadvertising.org
48,ASCENSION,ALONSO,GONZALEZ,GUSTAVO A. MADERO,ALAMOS  ,50895,60152,55-86-08-20-07,swedon1b@amazonaws.com
49,FEDERICO,GIMENEZ,SANZ,VENUSTIANO CARRANZA,PERUANOS  ,176,50781,55-78-20-64-52,ktellesson1c@addtoany.com
50,ESDRAS,GOMEZ,FUENTES,MIGUEL HIDALGO,CALZADA DE LAS BOMBAS  ,52771,93315,55-90-65-66-93,nyokel1d@tripadvisor.com
51,CLAUDIA,GARCIA,VIDAL,IZTACALCO,MACEDONIO ALCALA  ,206,94319,55-04-77-95-40,esapey1e@odnoklassniki.ru
52,AGUSTIN,REY,HIDALGO,AZCAPOTZALCO,TEJAMANIL  ,5066,57385,55-83-43-79-31,clarmouth1f@ustream.tv
53,PONCIO,CABRERA,RAMIREZ,ALVARO OBREGON,RETORNO ELIAS F. HURTADO  ,1,44810,55-82-69-60-75,isteven1g@utexas.edu
54,AQUILES,PEREZ,VAZQUEZ,COYOACAN,AMAPOLA  ,30,84416,55-58-77-24-04,gsowden1h@mapquest.com
55,IRENEO,GARRIDO,MARTIN,TLAHUAC,CAMPESINOS  ,8385,25760,55-57-79-37-67,ccolbeck1i@oracle.com
56,ORIOL,CRESPO,GALLARDO,IZTAPALAPA,GALEANA  ,3,83560,55-13-93-84-66,areolfi1j@skype.com
57,CAROLINA,MONTORO,CRUZ,CUAJIMALPA,BOULEVARD MALINTZI  ,71,16248,55-65-64-39-88,kclaydon1k@apache.org
58,TRINIDAD,REY,ROMERO,BENITO JUAREZ,CAMPO FLORIDO  ,382,87178,55-23-20-28-80,aoflannery1l@shareasale.com
59,CRISTINA,CARRASCO,CAMBIL,TLALPAN,ATLETAS  ,5,55764,55-67-25-16-33,bserjent1m@nba.com
60,ARISTIDES,CORTES,ARIAS,CUAHUTEMOC,INDEPENDENCIA  ,69,71376,55-95-29-91-84,ghendron1n@nationalgeographic.com
61,BALDOMERO,MOYA,CAMPOS,GUSTAVO A. MADERO,AV. CASTILLO DE CHAPULTEPEC  ,940,43248,55-24-75-01-88,cchern1o@digg.com
62,DOLORES,SANTANA,SOTO,VENUSTIANO CARRANZA,CHIMALPOPOCA  ,38,70395,55-65-10-56-81,kelam1p@dion.ne.jp
63,BERNARDO,MARTIN,SAEZ,MIGUEL HIDALGO,CRUCES  ,322,95859,55-27-01-70-90,rgrishankov1q@house.gov
64,PETRONILA,PRIETO,PRIETO,IZTACALCO,JUAREZ  ,56537,51012,55-78-67-95-33,hdillicate1r@clickbank.net
65,GERTRUDIS,LORENZO,SOLER,AZCAPOTZALCO,PERU  ,2314,40767,55-46-76-92-87,jdullingham1s@smugmug.com
66,ROGELIO,GONZALEZ,CALVO,ALVARO OBREGON,HUERTAS  ,96,81506,55-13-13-61-62,sdightham1t@rambler.ru
67,AURELIO,MOLINA,CASTRO,COYOACAN,ERICKO EL ROJO  ,54,98804,55-27-73-62-30,gtaggett1u@google.com.hk
68,EMILIA,CAMBIL,CRUZ,TLAHUAC,ADOLFO PRIETO  ,566,39119,55-79-17-48-26,jsoares1v@google.com.au
69,VICENTE,VAZQUEZ,CORTES,IZTAPALAPA,TEJAMANIL  ,3,16308,55-57-75-97-76,mjoynson1w@blogspot.com
70,LAUREANO,TORRES,JIMENEZ,CUAJIMALPA,CDA DE MINAS  ,0,54635,55-87-45-70-27,dscotchmor1x@ft.com
71,RAIMUNDO,ORTEGA,MARQUEZ,BENITO JUAREZ,MARGARITA MAZA DE JUAREZ  ,93597,31384,55-26-49-34-21,chargey1y@nih.gov
72,LUZ,GARRIDO,MONTERO,TLALPAN,CARTILLA  ,8,55409,55-22-73-35-28,wphelips1z@simplemachines.org
73,TEODORA,MONTERO,ORTIZ,CUAHUTEMOC,MANUEL GANDA  ,43,18821,55-66-07-68-30,ileworthy20@amazon.com
74,NATIVIDAD,BLANCO,DOMINGUEZ,GUSTAVO A. MADERO,NUEVA TEOTIHUACAN  ,288,66235,55-20-06-14-19,mloveredge21@miibeian.gov.cn
75,CIRILO,CRUZ,SOTO,VENUSTIANO CARRANZA,MIERES  ,256,27039,55-10-19-36-98,dkruschov22@marketwatch.com
76,RODRIGO,DIAZ,CABRERA,MIGUEL HIDALGO,AV. SAN LORENZO TEZONCO  ,65,96775,55-90-11-24-12,jreynish23@loc.gov
77,BELEN,DIAZ,AGUILAR,IZTACALCO,TENORIOS  ,47295,68745,55-42-82-88-59,raldhouse24@acquirethisname.com
78,HERIBERTO,CORTES,SANTANA,AZCAPOTZALCO,DAVID R. SCOTT  ,8414,10101,55-61-47-96-57,rdudliston25@smugmug.com
79,GONZALO,GIMENEZ,SOTO,ALVARO OBREGON,RODOLFO FIERRO  ,67784,98309,55-08-71-18-41,sferraresi26@mozilla.com
80,BLANCA,TORRES,RUBIO,COYOACAN,BALMACEDA  ,7,46351,55-98-73-08-40,nswire27@google.nl
81,ALIPIO,ARIAS,ALONSO,TLAHUAC,CALANDRIA  ,478,50124,55-88-65-07-55,sblazdell28@mtv.com
82,BERNABE,MEDINA,CARMONA,IZTAPALAPA,CALLEJON ITURBE  ,321,96248,55-50-64-14-99,driglar29@upenn.edu
83,LUZ,IGLESIAS,GOMEZ,CUAJIMALPA,ARTEMISAS  ,9,77186,55-22-66-80-62,taverill2a@fotki.com
84,ELISA,PEREZ,VEGA,BENITO JUAREZ,SAGITARIO  ,4667,34764,55-06-27-67-58,wkeller2b@booking.com
85,IVAN,ARIAS,DURAN,TLALPAN,NULL  ,5,44255,55-17-45-12-61,schantillon2c@washingtonpost.com
86,ANSELMO,SANTOS,DIAZ,CUAHUTEMOC,DA CERRADA DE LOMA LINDA  ,62,93388,55-98-04-88-53,jschukert2d@dropbox.com
87,TOMAS,SANTOS,SOLER,GUSTAVO A. MADERO,JOSE MARIA MORELOS  ,53,93273,55-69-25-00-42,abarrar2e@nydailynews.com
88,ESPERANZA,AGUILAR,DOMINGUEZ,VENUSTIANO CARRANZA,ORIENTE  ,7155,47405,55-95-26-03-77,fthornton2f@java.com
89,GLORIA,DURAN,IBANEZ,MIGUEL HIDALGO,YUCATAN  ,74579,67569,55-49-49-62-64,evarcoe2g@desdev.cn
90,JOSE,MEDINA,JIMENEZ,IZTACALCO,NORTE   ,850,77442,55-16-08-06-32,thawson2h@imageshack.us
91,SONIA,SOTO,MENDEZ,AZCAPOTZALCO,PINARES  ,421,27774,55-93-72-49-98,scolum2i@latimes.com
92,ANATOLIO,CAMPOS,GARRIDO,ALVARO OBREGON,ALDAMA  ,88,66599,55-59-12-85-21,hroxbrough2j@comsenz.com
93,VICENTE,PENA,BENITEZ,COYOACAN,PRIMERA CERRDA DE MARGARITAS  ,2586,34294,55-21-98-26-92,slembcke2k@theglobeandmail.com
94,LEONOR,PRIETO,VIDAL,TLAHUAC, AVENIDA SUR  ,197,52747,55-96-60-17-10,bmusprat2l@princeton.edu
95,BONIFACIO,AGUILAR,GUERRERO,IZTAPALAPA,CALLE DE MINAS  ,33,63096,55-07-85-55-01,ttearny2m@nymag.com
96,CLEOFAS,PRIETO,BLANCO,CUAJIMALPA,NIÑOS HEROES  ,3623,16167,55-32-85-89-00,tbodiam2n@microsoft.com
97,JORGE,RODRIGUEZ,BRAVO,BENITO JUAREZ,PRIVADA LIMONES  ,933,65768,55-70-62-00-21,hlinsley2o@squarespace.com
98,MARCIANO,PRIETO,SANTIAGO,TLALPAN,ANDADOR ARCHIDONA  ,87553,42282,55-34-95-62-57,ftinto2p@msu.edu
99,FRANCISCO,ESTEBAN,PEREZ,CUAHUTEMOC,TABASCO  ,609,91986,55-80-18-85-24,dnuccii2q@theguardian.com
100,JOAQUIM,CASTILLO,FERRER,GUSTAVO A. MADERO,QUETZALCOATL  ,64,86318,55-36-03-66-32,spollak2r@toplist.cz
101,OSCAR,MARQUEZ,SANZ,VENUSTIANO CARRANZA,CARTILLA  ,84,39175,55-69-17-21-28,kpauletti2s@theguardian.com
102,BALTASAR,MONTERO,SANCHEZ,MIGUEL HIDALGO,TOTONACAS  ,1,91415,55-62-49-92-79,bcarley2t@ezinearticles.com
103,RAUL,CABALLERO,MARTIN,IZTACALCO,IXTLIXOCHITL  ,5,33560,55-40-03-07-12,hmoysey2u@scientificamerican.com
104,JEREMIAS,DIAZ,DOMINGUEZ,AZCAPOTZALCO,CANAL SECO  ,61922,35981,55-06-56-95-46,sgiovannilli2v@dedecms.com
105,RAUL,CORTES,PASCUAL,ALVARO OBREGON,CALLE LAZARO CARDENAS  ,18770,12931,55-01-40-94-08,fwozencraft2w@blogspot.com
106,ARISTIDES,DOMINGUEZ,VIDAL,COYOACAN,TONATIUH  ,1,20026,55-46-43-51-08,abetonia2x@ycombinator.com
107,LUZ,SOTO,NUNEZ,TLAHUAC,FELIPE ANGELES  ,6,32138,55-85-23-98-62,snoice2y@sphinn.com
108,ELISEO,CALVO,CRESPO,IZTAPALAPA,BRUSELAS  ,557,82477,55-32-38-97-16,bmcnysche2z@privacy.gov.au
109,GREGORIO,SUAREZ,RAMIREZ,CUAJIMALPA,BARRIO DE SAN JOSÉ  ,6,64309,55-67-50-32-70,smacmarcuis30@amazon.co.jp
110,RIGOBERTO,SANZ,ROMERO,BENITO JUAREZ,BAJADA DEL SALTO  ,16,39663,55-28-13-59-90,kkollas31@theguardian.com
111,ESTEBAN,PASTOR,MORALES,TLALPAN,CALVARIO  ,7438,15347,55-99-15-35-98,nceland32@4shared.com
112,DACIO,LEON,CRUZ,CUAHUTEMOC,AV. TLALMEMELOLPAN  ,1,16659,55-13-38-60-69,mfarndon33@ox.ac.uk
113,ROSALIA,GONZALEZ,MARTIN,GUSTAVO A. MADERO,LOMA DEL GALLO  ,2,98048,55-12-40-56-69,csteeden34@thetimes.co.uk
114,CONSUELO,IBANEZ,MORENO,VENUSTIANO CARRANZA,A. CALLE SUR  ,2103,14191,55-84-18-14-07,gcreech35@exblog.jp
115,FELICIANO,HERNANDEZ,LORENZO,MIGUEL HIDALGO,DA CERRADA DE DURAZNOS  ,2,52794,55-22-29-48-74,bdomokos36@fc2.com
116,ARCADIO,MARTINEZ,DIAZ,IZTACALCO,HACIENDA DE PEÑUELAS  ,2,21304,55-11-21-14-34,gskinn37@xinhuanet.com
117,ALBERTO,ORTIZ,SERRANO,AZCAPOTZALCO,IGNACIO ZARAGOZA  ,31318,77099,55-41-40-78-24,rreston38@livejournal.com
118,ANA,MENDEZ,BENITEZ,ALVARO OBREGON,SANTA MARIA  ,75790,26542,55-20-36-05-86,soscully39@drupal.org
119,ODON,GOMEZ,REY,COYOACAN,GUADALUPE VICTORIA  ,8127,66984,55-55-62-35-72,knode3a@wiley.com
120,NICOLAS,SAEZ,VAZQUEZ,TLAHUAC,PROVIDENCIA  ,61400,90789,55-06-49-23-25,dmulgrew3b@i2i.jp
121,MANUEL,CRESPO,IGLESIAS,IZTAPALAPA,UNIDAD HABITACIONAL MILITAR  ,118,58197,55-42-18-76-69,rverzey3c@feedburner.com
122,RAFAEL,ESTEBAN,CAMPOS,CUAJIMALPA,JORGE WASHINGTON  ,608,88774,55-35-84-80-74,jmahy3d@craigslist.org
123,IFIGENIA,SOTO,CARMONA,BENITO JUAREZ,AVENIDA SAN JERONIMO  ,4,65952,55-09-12-19-10,mpache3e@last.fm
124,EVA,SOLER,CASTILLO,TLALPAN,LAGUNA DE TERMINOS  ,84408,23814,55-02-98-16-81,jhawking3f@latimes.com
125,MONICA,CALVO,BLANCO,CUAHUTEMOC,ORQUIDEA  ,820,29911,55-25-81-93-46,fdesaur3g@g.co
126,DIMAS,RODRIGUEZ,MORENO,GUSTAVO A. MADERO,TENAYUCA  ,707,10101,55-80-44-17-37,abrandolini3h@sohu.com
127,MAXIMILIANO,CRESPO,CORTES,VENUSTIANO CARRANZA,CALLE  DE FEBRERO  ,63,82947,55-59-84-00-35,jzuppa3i@tamu.edu
128,CANDIDA,DURAN,VEGA,MIGUEL HIDALGO,HERIBERTO FRIAS  ,9792,34420,55-89-80-27-96,ctompsett3j@fema.gov
129,ROCIO,RUIZ,GIL,IZTACALCO,CONSTITUCION  ,59586,92808,55-59-18-74-99,kzebedee3k@shinystat.com
130,FELIPE,HIDALGO,BLESA,AZCAPOTZALCO,CALLE GRANADAS  ,53,12302,55-97-15-00-90,glowin3l@bloglines.com
131,NORBERTO,PEREZ,GARRIDO,ALVARO OBREGON,BALVANERA  ,35,75604,55-47-16-01-26,lclaremont3m@tmall.com
132,JACOBO,SERRANO,ORTIZ,COYOACAN,ANDADOR   ,66858,73376,55-83-21-99-12,rsantora3n@delicious.com
133,ALEJO,ROMERO,RUBIO,TLAHUAC,MANUEL GANDA  ,58873,82321,55-03-15-76-43,rkenright3o@jigsy.com
134,SONIA,RUIZ,CALVO,IZTAPALAPA,NUEVA TEOTIHUACAN  ,11,41196,55-72-94-71-95,bmcphaden3p@ed.gov
135,DAVID,CAMPOS,LEON,CUAJIMALPA,PRIMERA AVENIDA  ,727,52138,55-24-45-04-63,slamlin3q@omniture.com
136,JAIME,ALONSO,FUENTES,BENITO JUAREZ,IXTLIXOCHITL  ,68,12471,55-79-85-55-82,fstockoe3r@drupal.org
137,IVAN,GALLEGO,RAMOS,TLALPAN,RODOLFO FIERRO  ,27433,20749,55-07-71-00-28,catthowe3s@loc.gov
138,ELENA,CANO,HERRERA,CUAHUTEMOC,ALFONSO XIII  ,7,73097,55-94-73-15-84,twaleworke3t@time.com
139,LEONOR,IBANEZ,PRIETO,GUSTAVO A. MADERO,CALZ. DESIERTO DE LOS LEONES  ,105,62292,55-85-44-82-32,jrivlin3u@bigcartel.com
140,GERARDO,CABALLERO,CAMPOS,VENUSTIANO CARRANZA,CERRADA DE CUAUHTEMOC  ,2,29031,55-61-71-87-59,bharrap3v@soup.io
141,JONATHAN,VELASCO,RAMOS,MIGUEL HIDALGO,FRANCISCO DEL PASO Y TRONCOSO  ,58184,75309,55-01-90-38-12,zgerard3w@delicious.com
142,OCTAVIO,DURAN,SAEZ,IZTACALCO,VALLE DE LOS TOLTECAS  ,916,56976,55-76-11-78-66,rgalland3x@paypal.com
143,ALFONSO,CANO,DOMINGUEZ,AZCAPOTZALCO, DE FEBRERO DE   ,81,65224,55-21-75-48-68,gsemper3y@nyu.edu
144,MARINA,MORALES,SANTIAGO,ALVARO OBREGON,TENORIOS  ,363,74993,55-35-87-09-85,bgoering3z@japanpost.jp
145,BALDOMERO,LORENZO,CAMBIL,COYOACAN,CRUCES  ,70976,61798,55-99-59-18-95,vceyssen40@360.cn
146,LEANDRO,CASTILLO,BLESA,TLAHUAC,PALMIRA  ,64082,66320,55-92-63-01-99,dvaune41@whitehouse.gov
147,VANESA,BRAVO,NAVARRO,IZTAPALAPA,DR ARCE  ,3,48937,55-22-49-21-59,jcoronado42@typepad.com
148,JUANA,PASCUAL,CANO,CUAJIMALPA,MANUEL PELAEZ  ,14,90902,55-59-40-46-56,adubois43@amazonaws.com
149,TOBIAS,ORTEGA,FERRER,BENITO JUAREZ,MANUEL PELAEZ  ,869,76400,55-09-49-36-17,msarchwell44@google.it
150,ROSENDO,ROMERO,FERNANDEZ,TLALPAN,CUAUTITLAN  ,667,51364,55-97-89-69-95,bsingyard45@webeden.co.uk
151,MIGUEL,ALVAREZ,CARMONA,CUAHUTEMOC,BUENA VISTA  ,40,60054,55-24-45-22-78,jmoneypenny46@blogger.com
152,BALDOMERO,FLORES,PEREZ,GUSTAVO A. MADERO,JAIME NUNO  ,358,72167,55-92-48-16-53,tlinfoot47@unc.edu
153,INOCENCIO,RUIZ,BLESA,VENUSTIANO CARRANZA,GUERRERO  ,13957,12937,55-50-00-18-56,jsmiley48@is.gd
154,ANATOLIO,MARTIN,FERRER,MIGUEL HIDALGO,MANUEL GUTIERREZ NAJERA  ,85,75068,55-79-59-37-34,amacconneely49@comcast.net
155,FEDERICO,NIETO,GIMENEZ,IZTACALCO,NIÑOS HEROES  ,8,11886,55-31-48-02-32,jreeks4a@google.com
156,EMILIO,DIEZ,VICENTE,AZCAPOTZALCO,SUR   ,62,30065,55-08-96-01-94,jpeachman4b@mlb.com
157,JACINTO,ALONSO,GALLARDO,ALVARO OBREGON,AV. RIO FRIO  ,8,45972,55-91-85-11-00,heagle4c@wordpress.com
158,ANASTASIA,CARRASCO,PASCUAL,COYOACAN,HERNAN DE SOTO  ,1403,94246,55-16-46-89-51,elivesay4d@nasa.gov
159,AUGUSTO,CRUZ,SANTANA,TLAHUAC,AV. RIO FRIO  ,41,64640,55-08-41-27-08,chaster4e@about.com
160,NARCISO,MARQUEZ,SANCHEZ,IZTAPALAPA,CHICARAS  ,4311,92610,55-66-54-09-50,gpinson4f@qq.com
161,PATRICIO,HERRERA,SANCHEZ,CUAJIMALPA,ERA. CERRADA DE ENCINAS  ,76269,87234,55-30-00-99-94,egrugerr4g@angelfire.com
162,SONIA,CARMONA,IBANEZ,BENITO JUAREZ,AV. QUERETARO  ,82692,35354,55-19-27-93-24,jsurby4h@slate.com
163,JULIAN,PARRA,CAMPOS,TLALPAN,CARRETERA COSTERA  ,9271,58300,55-29-08-87-52,lsmithen4i@tmall.com
164,ARISTIDES,DIEZ,HIDALGO,CUAHUTEMOC,AV. SAN PABLO XALPA  ,6,42892,55-36-78-04-91,spurviss4j@wordpress.org
165,LUCAS,ALVAREZ,LEON,GUSTAVO A. MADERO,VILLA DE CUITLAHUAC  ,9779,51526,55-31-75-91-18,rrylance4k@odnoklassniki.ru
166,LINO,RODRIGUEZ,FERRER,VENUSTIANO CARRANZA,RA NORTE  ,2911,92587,55-85-50-64-41,twithams4l@cnn.com
167,ALBERTO,GARRIDO,SANTOS,MIGUEL HIDALGO,MIGUEL ALEMAN  ,5,87255,55-36-94-49-38,jrowlatt4m@hexun.com
168,CRISTIAN,SANTANA,REYES,IZTACALCO,AV. TOLUCA  ,8,51520,55-40-95-06-71,bnovakovic4n@scribd.com
169,CLARA,MARTIN,REYES,AZCAPOTZALCO,HUERTAS  ,8474,27933,55-26-24-85-33,jworner4o@arstechnica.com
170,REMEDIOS,RODRIGUEZ,DURAN,ALVARO OBREGON,CDA. MANZANO  ,427,20774,55-42-00-91-18,bkneller4p@amazon.co.jp
171,ALFREDO,REYES,GARCIA,COYOACAN,RIO PAPAGALLO  ,345,80890,55-08-90-59-45,gdaniaud4q@timesonline.co.uk
172,CRISTINA,REYES,CARRASCO,TLAHUAC,CDA. DE FRANCISCO CASTAÑEDA  ,2,36436,55-10-33-62-80,skinvig4r@washington.edu
173,SIMON,MARQUEZ,DOMINGUEZ,IZTAPALAPA,C. JOSE FRANCISCO RUIZ MASSIEU  ,7286,57056,55-29-65-56-35,vrycraft4s@pbs.org
174,SERGIO,ESTEBAN,CABRERA,CUAJIMALPA,CAOBA  ,5907,71977,55-89-35-41-88,rdurn4t@paypal.com
175,ONESIMO,SANZ,SOTO,BENITO JUAREZ,MACEDONIO ALCALA  ,1,54903,55-07-43-08-48,tflorentine4u@nydailynews.com
176,ANGELES,GALLARDO,BRAVO,TLALPAN,LA VENTA CLAUSTRO TULIPANES  ,1705,52424,55-36-71-14-90,dread4v@miibeian.gov.cn
177,ANGEL,VELASCO,TORRES,CUAHUTEMOC,TENAYUCA  ,7282,32766,55-81-64-24-13,vcristofanini4w@businessinsider.com
178,TEODOSIA,ORTEGA,MORENO,GUSTAVO A. MADERO,DR BALMIS  ,2886,96355,55-64-48-59-94,rbasire4x@toplist.cz
179,SEBASTIAN,CORTES,BLANCO,VENUSTIANO CARRANZA,CALLE TABASCO  ,67413,95091,55-53-31-30-53,hheiss4y@newsvine.com
180,SONIA,ALVAREZ,SANTOS,MIGUEL HIDALGO,HACIENDA DE PEÑUELAS  ,82573,23633,55-62-47-63-85,kevennett4z@go.com
181,PONCIO,SOTO,MEDINA,IZTACALCO,CERRO DOS CONEJOS  ,81502,57781,55-26-45-21-74,jhickeringill50@slideshare.net
182,AUGUSTO,GIMENEZ,MONTERO,AZCAPOTZALCO,CERRO DOS CONEJOS  ,5,25029,55-94-74-33-86,jtiuit51@washingtonpost.com
183,BONIFACIO,VICENTE,FERNANDEZ,ALVARO OBREGON,MACEDONIO ALCALA  ,15,76583,55-58-69-86-12,rtuiller52@vimeo.com
184,VALENTIN,GUTIERREZ,AGUILAR,COYOACAN,CALZ. DESIERTO DE LOS LEONES  ,8016,60641,55-94-96-40-77,cerricker53@dailymotion.com
185,ROCIO,PRIETO,CASTILLO,TLAHUAC,AV. QUERETARO  ,74,81807,55-52-11-44-39,mcawthorn54@sfgate.com
186,BONIFACIO,ROMERO,GUTIERREZ,IZTAPALAPA,RA NORTE  ,3,82114,55-93-35-71-60,eredrup55@fema.gov
187,EPIFANIA,IGLESIAS,GUERRERO,CUAJIMALPA,ROSAS  ,68569,59385,55-93-10-16-73,mkingswood56@reuters.com
188,AMADEO,BRAVO,MARIN,BENITO JUAREZ,CAPIRO  ,85142,61346,55-35-08-27-68,abrear57@ibm.com
189,HILARION,AGUILAR,AGUILAR,TLALPAN,ANDADOR  DE COMPOSTELA  ,6,31841,55-89-71-71-14,dgravatt58@webeden.co.uk
190,ANTONIA,IGLESIAS,ROMERO,CUAHUTEMOC,ALDAMA  ,39624,81296,55-23-31-88-46,amallaby59@amazon.com
191,SEBASTIAN,GONZALEZ,HERRERO,GUSTAVO A. MADERO,ALZATE  ,44,36542,55-30-80-77-17,mdoxsey5a@nps.gov
192,ALVARO,ORTEGA,HIDALGO,VENUSTIANO CARRANZA,PRL. MOCTEZUMA  ,6720,71137,55-95-15-41-46,bsyplus5b@ezinearticles.com
193,MARIO,CORTES,NUNEZ,MIGUEL HIDALGO,PIE DE LA CUESTA  ,48,88403,55-49-19-27-25,svickerstaff5c@taobao.com
194,ALBERT,ALONSO,TORRES,IZTACALCO,CAPIRO  ,59853,60362,55-72-73-09-29,llittell5d@wiley.com
195,JUSTINO,PENA,HIDALGO,AZCAPOTZALCO,OCOTAL  ,1,21527,55-84-58-31-00,pmackeeg5e@google.it
196,ALFONSO,ALONSO,LORENZO,ALVARO OBREGON, DE NOVIEMBRE  ,9,32862,55-75-09-99-76,bgittins5f@scribd.com
197,AURELIA,BENITEZ,CRUZ,COYOACAN,FRANCISCO SARABIA  ,71,60462,55-56-76-01-44,tlandor5g@digg.com
198,JUVENAL,VELASCO,MOYA,TLAHUAC,VALLE DE LOS TOLTECAS  ,574,12556,55-21-07-29-17,ahagergham5h@si.edu
199,JOEL,ALONSO,LEON,IZTAPALAPA,AUGUSTO RODIN  ,539,70654,55-26-18-97-44,ddurnan5i@yellowbook.com
200,JUAN,SOTO,FLORES,CUAJIMALPA,IZTACCIHUATL  ,87215,45610,55-72-31-25-00,bthorby5j@pinterest.com
201,ALEJANDRO,DURAN,IBANEZ,BENITO JUAREZ,LAGO GARDA  ,1,12845,55-43-87-74-84,jedgar5k@free.fr
202,LORENZO,MORENO,ESTEBAN,TLALPAN,RODOLFO FIERRO  ,3584,15648,55-15-59-59-68,pgagg5l@examiner.com
203,ORIOL,MARQUEZ,MORA,CUAHUTEMOC,MORELOS  ,49,11252,55-74-62-87-00,irapelli5m@naver.com
204,AURELIANO,SANZ,LORENZO,GUSTAVO A. MADERO,NUEVA TEOTIHUACAN  ,9,25574,55-86-52-86-32,bleball5n@amazonaws.com
205,TRINIDAD,ORTEGA,CARRASCO,VENUSTIANO CARRANZA,XICOTENCATL  ,4,39396,55-66-31-65-30,ddougal5o@t-online.de
206,SALVADOR,CARMONA,CANO,MIGUEL HIDALGO,PIE DE LA CUESTA  ,49,90036,55-03-46-06-24,akinge5p@howstuffworks.com
207,EUGENIA,MONTORO,SANTOS,IZTACALCO,ALZATE  ,70,67168,55-19-49-52-75,kstranaghan5q@japanpost.jp
208,AARON,PASCUAL,CASTRO,AZCAPOTZALCO,MIERES  ,24,85674,55-38-24-81-42,brattray5r@wisc.edu
209,ZACARIAS,MONTERO,MONTERO,ALVARO OBREGON,CENZONTLE  ,33,19152,55-35-06-95-46,jjeaneau5s@cornell.edu
210,LEON,VAZQUEZ,SERRANO,COYOACAN,TABASCO  ,504,73416,55-14-08-24-23,wmccoughan5t@cam.ac.uk
211,AQUILES,DELGADO,SANZ,TLAHUAC,C. JOSE SANCHEZ TINOCO  ,49,68145,55-81-01-06-86,ssterry5u@si.edu
212,BLAS,PARRA,GUTIERREZ,IZTAPALAPA,IGNACIO L. VALLARTA  ,43,22462,55-91-96-84-21,lchasson5v@friendfeed.com
213,PAULA,GALLEGO,CANO,CUAJIMALPA,PIE DE LA CUESTA  ,6,93505,55-25-51-18-62,gdarnbrough5w@meetup.com
214,CLARA,FLORES,SUAREZ,BENITO JUAREZ,AV. QUERETARO  ,564,72360,55-64-21-54-61,mguerreiro5x@livejournal.com
215,MAGDALENA,MEDINA,VAZQUEZ,TLALPAN,EMILIO CARRANZA  ,28,31419,55-71-81-13-37,vmitten5y@yellowbook.com
216,GREGORIO,MENDEZ,CRUZ,CUAHUTEMOC,ALZATE  ,23,17962,55-68-55-63-36,zpevsner5z@cornell.edu
217,RAUL,RAMOS,SANTOS,GUSTAVO A. MADERO,DISTRITO EL PLAN  ,7,96846,55-59-74-70-80,nwakefield60@bigcartel.com
218,DAMIAN,ORTIZ,RUBIO,VENUSTIANO CARRANZA,ARCO IRIS  ,4113,15387,55-65-28-15-43,jhansemann61@pen.io
219,VANESA,CANO,VELASCO,MIGUEL HIDALGO,PRIVADA AZOYAPAN  ,6,55158,55-15-01-15-03,benefer62@diigo.com
220,MAURICIO,JIMENEZ,BRAVO,IZTACALCO,FRESNO  ,47,75073,55-93-72-26-70,jharland63@ft.com
221,LUCIA,NAVARRO,ESTEBAN,AZCAPOTZALCO,PINARES  ,1,85721,55-76-78-54-12,lcancott64@toplist.cz
222,COSME,VAZQUEZ,VAZQUEZ,ALVARO OBREGON,CALLE   ,7,93393,55-00-93-33-61,lsealand65@jimdo.com
223,NOE,SOTO,RUBIO,COYOACAN,PALMERAS  ,483,77117,55-77-03-11-53,rspilsburie66@naver.com
224,FABIO,VELASCO,MEDINA,TLAHUAC,PRIV. COLORINES  ,21490,79924,55-42-94-65-81,nfeake67@unicef.org
225,PORFIRIO,LOZANO,BLESA,IZTAPALAPA,PINO  ,572,50154,55-84-14-44-65,lbiaggioni68@amazon.com
226,JOSAFAT,VIDAL,MONTERO,CUAJIMALPA,HORACIO NELSON  ,822,38237,55-58-59-19-06,efoye69@discuz.net
227,LADISLAO,CARRASCO,PRIETO,BENITO JUAREZ,LAGO PATZCUARO  ,348,22434,55-72-87-71-40,sbruckent6a@hhs.gov
228,ALBA,GARRIDO,LORENZO,TLALPAN,CAMINO REAL AL AJUSCO  ,7536,77104,55-47-10-50-93,cnourse6b@freewebs.com
229,PRIMO,ALVAREZ,LOPEZ,CUAHUTEMOC,AGUAJE  ,2496,29679,55-19-38-34-10,smacginley6c@slideshare.net
230,BORJA,MEDINA,GUERRERO,GUSTAVO A. MADERO,EL ROSARIO  ,85077,46371,55-76-01-19-86,dilive6d@telegraph.co.uk
231,ROQUE,CALVO,BRAVO,VENUSTIANO CARRANZA,AMEZQUITE  ,7,12602,55-02-62-50-11,gvigietti6e@hibu.com
232,ALEJO,MOYA,GUERRERO,MIGUEL HIDALGO,NATIVITAS  ,2312,46742,55-60-83-71-87,echastanet6f@goodreads.com
233,NICANOR,PEREZ,SAEZ,IZTACALCO,LAGO BOLSENA  ,1215,17750,55-93-28-89-33,edinwoodie6g@census.gov
234,ARCADIO,RAMIREZ,ALONSO,AZCAPOTZALCO,CALZADA BENITO JUAREZ  ,86,47769,55-55-22-75-94,bfrancklyn6h@mail.ru
235,VALENTIN,SOTO,FUENTES,ALVARO OBREGON,MARIA ELENA SANDOVAL  ,7,80620,55-88-30-42-79,xdhenin6i@mayoclinic.com
236,ROQUE,GALLEGO,CORTES,COYOACAN,CALLE ZARAGOZA  ,37150,31776,55-27-05-59-74,ibarette6j@irs.gov
237,AMARO,MORENO,GUTIERREZ,TLAHUAC,CORAS  ,58,17833,55-75-75-01-80,cbrownhill6k@51.la
238,SUSANA,JIMENEZ,ALONSO,IZTAPALAPA,BARRIO DE SAN JOSÉ  ,897,17107,55-90-56-22-24,epettie6l@samsung.com
239,ALVARO,CARRASCO,RAMOS,CUAJIMALPA,AV. MORELOS SUR  ,90,48552,55-49-46-42-41,lwaylen6m@spotify.com
240,DANIEL,DOMINGUEZ,BLESA,BENITO JUAREZ,AMAPOLA  ,647,27498,55-49-05-22-45,bfoort6n@mediafire.com
241,LUZ,CABALLERO,CAMPOS,TLALPAN,BOULEVAR PASTOR ROUAIX  ,57,15411,55-99-27-42-11,tocannavan6o@reuters.com
242,ESPERANZA,ROMAN,JIMENEZ,CUAHUTEMOC, DE NOVIEMBRE  ,10,83771,55-11-48-41-46,dwederell6p@mayoclinic.com
243,JUSTINO,SANTOS,CASTRO,GUSTAVO A. MADERO,SAN MARCOS  ,382,51076,55-83-94-11-47,teisikovitsh6q@about.com
244,ROSENDO,SAEZ,SANTANA,VENUSTIANO CARRANZA,A. CERRADA DE SOLIDARIDAD  ,14,83110,55-54-86-89-21,dgagan6r@mozilla.org
245,MARTIN,GUERRERO,MUNOZ,MIGUEL HIDALGO,LLUVIA  ,3,40954,55-76-86-68-62,sesmond6s@slate.com
246,CELSO,HIDALGO,CORTES,IZTACALCO,PINO  ,526,67370,55-96-07-49-81,lmordin6t@disqus.com
247,MARCELO,PEREZ,ALVAREZ,AZCAPOTZALCO,ARCO IRIS  ,42375,42082,55-82-51-57-08,kigoe6u@nature.com
248,SONIA,MOYA,ALVAREZ,ALVARO OBREGON,PENNSYLVANIA  ,5,77241,55-24-71-76-99,cstorch6v@wikipedia.org
249,HERACLIO,HIDALGO,PENA,COYOACAN,CARRETERA PEREZ GASGA  ,460,50156,55-81-23-29-91,shagergham6w@usatoday.com
250,TOMAS,SANTIAGO,VARGAS,TLAHUAC,RANCHO SAN LORENZO  ,77,53296,55-39-70-06-39,rhuffey6x@hostgator.com
251,AURELIANO,SANCHEZ,CARMONA,IZTAPALAPA,AVENIDA SAN JERONIMO  ,9,29488,55-44-56-72-17,ocorrea6y@marketwatch.com
252,PATRICIA,GARRIDO,PASCUAL,CUAJIMALPA,PRIVADA AZOYAPAN  ,68445,81953,55-18-90-83-50,msnoxill6z@cmu.edu
253,MAURICIO,CORTES,ALONSO,BENITO JUAREZ,FERNANDO MONTES DE OCA  ,10,20692,55-11-55-78-44,icuthill70@wunderground.com
254,ARACELI,CORTES,ALONSO,TLALPAN,NICOLAS BRAVO  ,13661,23556,55-70-14-65-60,grougier71@google.fr
255,TEOFANES,GIMENEZ,HERNANDEZ,CUAHUTEMOC,PONIENTE   ,358,71317,55-68-82-06-10,abedrosian72@cam.ac.uk
256,DAMIAN,VICENTE,GIL,GUSTAVO A. MADERO,FRANCIA  ,96,36537,55-22-81-95-38,hjonsson73@symantec.com
257,MARC,HIDALGO,CARRASCO,VENUSTIANO CARRANZA,JUAREZ  ,17,74303,55-47-97-65-27,dpeotz74@wsj.com
258,HILDEGARDA,REYES,CRUZ,MIGUEL HIDALGO,IZTACCIHUATL  ,44,63521,55-57-80-51-60,ltradewell75@apple.com
259,ISIDRO,LORENZO,CAMBIL,IZTACALCO,AV. DEL TALLER  ,7,28147,55-36-40-20-41,ascapens76@stanford.edu
260,AQUILES,IGLESIAS,MARTINEZ,AZCAPOTZALCO,CARMEN SERDAN  ,2995,90948,55-67-90-37-80,aoulett77@networkadvertising.org
261,AQUILES,MEDINA,MENDEZ,ALVARO OBREGON,CAMINO REAL AL AJUSCO  ,0,18587,55-57-74-50-38,sdrust78@hostgator.com
262,ANTONIO,PRIETO,MONTORO,COYOACAN,ROSAL  ,39981,50948,55-76-97-57-78,acharlin79@ocn.ne.jp
263,ORIOL,VEGA,SANTOS,TLAHUAC,AV. UNIVERSIDAD  ,309,76253,55-24-55-57-05,kaugar7a@spiegel.de
264,EMILIA,IGLESIAS,SOTO,IZTAPALAPA,DR. JOSE G. PARRES  ,33,56698,55-23-60-48-63,ccorderoy7b@barnesandnoble.com
265,SALOMON,GARCIA,MONTORO,CUAJIMALPA,ATLETAS  ,922,91818,55-63-79-82-65,rrunnicles7c@mysql.com
266,FRANCESC,CAMPOS,ESTEBAN,BENITO JUAREZ,CIPRES  ,54722,87202,55-37-17-54-30,bmcreidy7d@mozilla.org
267,FEDERICO,CRESPO,NIETO,TLALPAN,FERRARA  ,5,11580,55-79-59-71-92,nmckitterick7e@hubpages.com
268,SALOMON,PARRA,SOTO,CUAHUTEMOC,PLZAS. VILLA DE MADRID  ,65,10240,55-88-50-60-55,dwiddecombe7f@huffingtonpost.com
269,SALVADOR,CAMBIL,CAMPOS,GUSTAVO A. MADERO,XICOTENCATL  ,7863,65782,55-52-94-78-80,sandreu7g@globo.com
270,JOAQUIN,CASTRO,GIL,VENUSTIANO CARRANZA,LERDO  ,57,53353,55-79-27-78-63,mmacglory7h@tripadvisor.com
271,RIGOBERTO,SANTANA,BENITEZ,MIGUEL HIDALGO,ALZATE  ,5413,56524,55-42-03-69-13,sheffer7i@freewebs.com
272,TADEO,MARTIN,ALONSO,IZTACALCO,AGUAJE  ,6809,70703,55-19-08-95-24,tlorie7j@wikia.com
273,GISELA,GIMENEZ,BLESA,AZCAPOTZALCO,ATLETAS  ,4,22747,55-21-08-14-69,nwrathmall7k@ibm.com
274,ROBERTO,FUENTES,BENITEZ,ALVARO OBREGON,CUAUTITLAN  ,46179,63666,55-54-07-28-50,rbutt7l@telegraph.co.uk
275,PANCRACIO,BRAVO,GIL,COYOACAN,HERNAN DE SOTO  ,14978,50071,55-07-25-28-91,lmawditt7m@privacy.gov.au
276,MACARIO,GUTIERREZ,SOTO,TLAHUAC,PRIVADA DE HIPODROMO  ,69,57585,55-39-86-19-15,aralfe7n@nyu.edu
277,LEONARDO,LOZANO,FERNANDEZ,IZTAPALAPA,NEZAHUALCOYOTL  ,84,61188,55-79-04-51-70,mjeavons7o@thetimes.co.uk
278,ROBERTO,DIEZ,RUIZ,CUAJIMALPA,MANUEL DOBLADO  ,28126,46875,55-93-44-83-07,lmoscon7p@ycombinator.com
279,BRUNO,GARCIA,SANTOS,BENITO JUAREZ,SANTA ANA  ,550,79078,55-01-05-08-08,epaynton7q@csmonitor.com
280,ALBERTO,RUIZ,GIMENEZ,TLALPAN,FELIPE ANGELES  ,7644,18670,55-48-11-81-37,mosbaldstone7r@prnewswire.com
281,ANSELMO,MOYA,GALLARDO,CUAHUTEMOC,COPA DE ORO  ,6071,99745,55-79-66-03-32,pbowfin7s@ehow.com
282,INOCENCIO,RUIZ,CANO,GUSTAVO A. MADERO,PERIFERICO  ,58,30789,55-45-92-67-46,bbisco7t@hao123.com
283,MANUEL,FUENTES,CAMPOS,VENUSTIANO CARRANZA,FRANCISCO VILLA  ,77,61411,55-31-72-73-81,amussett7u@uol.com.br
284,FRANCISCO,MENDEZ,CALVO,MIGUEL HIDALGO,RENATO LEDUC  ,48,47241,55-98-06-20-72,cnorthey7v@jimdo.com
285,LAZARO,FERRER,LORENZO,IZTACALCO,AVENIDA SAUCES  ,9,12783,55-64-99-52-08,mdensham7w@webnode.com
286,TOMAS,LORENZO,MORA,AZCAPOTZALCO,INDEPENDENCIA  ,252,98919,55-25-36-21-09,lelbourn7x@google.nl
287,HILARION,PASTOR,DIAZ,ALVARO OBREGON,MANUEL DOBLADO  ,8643,91961,55-28-16-54-70,tbodemeaid7y@slate.com
288,TARSICIO,ESTEBAN,CALVO,COYOACAN,MAR DE LAS TEMPESTADES  ,9246,87791,55-87-65-21-20,flourens7z@feedburner.com
289,ALFONSO,DELGADO,SOTO,TLAHUAC,CHICARAS  ,7,67079,55-31-61-07-48,onossent80@wikipedia.org
290,RAIMUNDO,DOMINGUEZ,ORTEGA,IZTAPALAPA,PEDRO HENRIQUEZ  ,8224,63996,55-81-92-54-14,zgindghill81@techcrunch.com
291,AMELIA,MUNOZ,VARGAS,CUAJIMALPA,VALLE DE LOS TOLTECAS  ,7,42036,55-09-28-24-62,mskinn82@hhs.gov
292,CANDIDA,SERRANO,VELASCO,BENITO JUAREZ,AV. MORELOS SUR  ,1,71931,55-45-02-18-23,hkeith83@zdnet.com
293,LAUREANO,GONZALEZ,CABRERA,TLALPAN,CORAS  ,415,34281,55-71-34-23-67,gpretor84@answers.com
294,ARNALDO,VIDAL,RAMIREZ,CUAHUTEMOC,CDA. APETLATIPAC  ,5,50912,55-47-99-90-38,ebreach85@macromedia.com
295,ARESIO,SANTIAGO,PEREZ,GUSTAVO A. MADERO,CALLE ZARAGOZA  ,820,55042,55-43-75-15-52,edavidovich86@bravesites.com
296,DEMOCRITO,NAVARRO,JIMENEZ,VENUSTIANO CARRANZA,CANAL DEL VADO  ,2,58060,55-82-38-97-08,mlindner87@lulu.com
297,MIGUEL,ROMAN,RUBIO,MIGUEL HIDALGO,EXCONVENTO DE CHURUBUSCO  ,7,82394,55-51-23-72-22,jbrinsden88@jalbum.net
298,BRUNO,ROMAN,DURAN,IZTACALCO,ROSA DE SIRIA  ,13,40757,55-34-75-81-60,zoliphand89@macromedia.com
299,DACIO,CAMPOS,RUIZ,AZCAPOTZALCO,NATIVITAS  ,6746,10012,55-92-09-80-24,gcaldaro8a@gravatar.com
300,CESAREO,VAZQUEZ,SOLER,ALVARO OBREGON,AGRICULTURA  ,39,99135,55-69-61-39-31,mfeavearyear8b@arizona.edu
