num_serie,anio,capacidad_tanque,marca,modelo,num_cilindros,num_puertas,llanta_refaccion,tipo_transmision,tipo_combustible,pasajeros
8V7EA6773IL357186,1998,52,NISSAN,Mohave/Borrego,7,4,true,E,G,5
3E2ML1246SM021578,2007,61,Toyota,8 Series,5,4,true,E,G,4
7G0XQ0247HZ215349,2011,54,NISSAN,Silverado 2500,7,4,false,E,G,5
2E2QE4526ZM990815,2018,62,Toyota,Mark VIII,6,4,false,A,H,4
7O1QY7430ZP175269,1996,49,NISSAN,Mustang,7,2,true,A,G,4
5U5GE4009NO811805,2002,52,NISSAN,Trans Sport,8,2,true,E,H,4
8P8ZA0234CW811378,2005,54,Toyota,2500,4,4,true,E,G,5
5R9HB5355NB355514,2016,47,Ford,TL,7,2,true,E,G,5
6W8WD2356WA389590,2002,51,Chevrolet,TSX,6,2,false,A,H,4
1E5ET7548TK290894,1997,65,NISSAN,GL-Class,8,4,true,A,G,4
3T3CV9440DX270228,2013,54,NISSAN,STS,4,4,false,A,H,5
4F8WG0602SZ301723,2001,64,Ford,Bonneville,8,2,false,E,H,4
4G8CO5180AG354959,2006,47,Toyota,Fiero,4,4,true,E,G,5
4S3BV5874UF492031,2018,49,Ford,Arnage,8,2,false,A,G,4
0V7PX5461JS016346,2008,46,NISSAN,Forester,8,2,false,E,G,5
5Y4SP1615GS958886,2015,60,NISSAN,SL-Class,7,2,false,A,G,4
4W9WP5750VE069075,2012,50,NISSAN,Tredia,8,4,false,A,H,5
7A7RN3910SR850202,2015,65,NISSAN,S80,8,2,true,E,H,5
5V8PF1059UT829881,2015,59,Toyota,Focus,4,4,false,A,H,5
5M0FC8844NA983414,2010,56,Ford,Voyager,6,4,true,E,G,5
3V1NK5943PL588002,1999,61,NISSAN,E-Class,6,2,false,E,G,4
6D4JZ0183BK659797,2014,52,Volkswagen,XLR-V,5,4,true,E,H,5
0Z2VH3762KN451915,1997,60,NISSAN,Supra,7,4,true,E,H,5
6B9GK3370PA353343,2004,53,NISSAN,Pilot,4,4,true,A,G,4
8U1LY0219PT299079,2000,48,NISSAN,Cougar,4,4,false,E,H,5
5S7FX5025VH279419,2006,50,Toyota,Grand Caravan,5,4,true,A,H,4
7K9WY8505SW035543,2011,51,NISSAN,Q,6,2,false,E,H,4
2C8AJ1534FM562685,1997,54,NISSAN,Silverado 3500,8,4,true,E,G,5
7T1DK7393OZ107796,2006,54,NISSAN,240SX,5,2,false,A,H,5
6A1QA1279OE068978,2004,56,Chevrolet,Galant,4,4,true,E,G,4
5S7CJ8788GY172302,2009,65,Toyota,C/V,5,4,true,A,G,5
4I3ZT1123SX799373,2004,45,NISSAN,Type 2,5,4,true,E,H,4
8V7NB3296BS152522,2001,50,NISSAN,Swift,8,4,true,A,G,5
4Q6ST5914HK685838,2010,61,NISSAN,A3,8,2,true,A,H,5
4K7BH9427RG021340,2001,54,NISSAN,Ram,7,4,true,A,G,4
9W9TH3942UA590515,2014,52,Toyota,Prizm,6,4,false,E,G,4
7K8BF3936PK567027,2005,45,NISSAN,Ranger,7,2,true,E,H,4
8O6MS1716KG373930,2016,47,NISSAN,Ram 1500,7,4,true,E,G,4
7I8HM2954GR502644,2010,49,NISSAN,Safari,7,4,true,A,H,4
3W6TP1902TB829330,2007,59,Toyota,1 Series,7,4,true,E,G,4
1H4NL8721OW794464,2008,64,Ford,Econoline E150,7,4,true,A,G,5
1J9MU8865RM654996,1999,56,NISSAN,Fusion,7,4,false,E,H,5
4U3RC2005PZ362102,2003,51,NISSAN,i-Series,5,2,false,A,H,5
3G7UA4678XW848398,2013,64,Chevrolet,Legend,6,4,true,E,G,4
3Y2GE6240AJ801037,2008,51,Chevrolet,CTS-V,7,4,true,E,G,5
4O3SG4992HW718249,1997,46,NISSAN,Yaris,7,4,false,A,G,4
3D1NB7089GO288882,2002,64,Toyota,S4,4,4,true,A,H,5
5W3NZ4535GY875904,2002,52,Toyota,NSX,4,2,false,E,G,4
5Y3DG0685WU686471,2007,55,Toyota,Silverado,8,4,false,E,G,4
8O2KJ5908CZ355030,2004,57,Volkswagen,Cabriolet,7,4,true,A,H,5
9R9DJ6049WS325506,2013,50,Toyota,R-Class,4,4,true,A,G,4
2X0OP3808LV680140,2012,49,Toyota,7 Series,4,4,false,E,G,4
7X8FG2246OX992794,1996,48,Honda,Grand Marquis,8,4,false,A,G,5
3T5ZK3743QV158332,2000,47,NISSAN,Allroad,6,4,false,E,H,4
2Y1CN4165HX594228,2011,49,Toyota,Quest,4,2,false,E,G,4
9A5FN7802IX713020,2015,51,Toyota,Savana 3500,4,4,true,E,H,5
4B0DH0744XW039865,2006,60,NISSAN,Mirage,7,2,false,A,G,4
2A9IV8099JO566741,2006,56,Toyota,G-Series 2500,4,4,true,A,H,5
6M1TZ9731IF895839,2008,54,Chevrolet,CX-7,7,2,true,A,G,5
0T2TS3702YG082372,2003,47,Toyota,100,7,2,true,E,H,4
3M5TZ5916EY022802,2000,57,Chevrolet,Corvair,5,2,false,E,G,4
4X2SA6719EW752599,1997,49,Chevrolet,9-3,6,4,false,E,G,5
1T3IV1497TC672045,2002,58,Toyota,Concorde,4,4,true,A,G,5
5U6LC7235TG343717,2014,60,NISSAN,E-Series,5,4,true,E,G,5
0A8DS4095WY085697,2012,45,NISSAN,XF,5,2,false,A,G,4
2L6IE9999UT842263,2004,58,Toyota,Axiom,4,4,true,A,G,4
3X2MW5185GR360119,2018,50,NISSAN,Celica,7,4,true,A,G,5
7J8ON3348WH134033,2003,64,Chevrolet,Fiesta,4,2,false,A,H,5
1C5RQ0263VH025167,2005,56,Toyota,Prowler,8,4,false,A,G,5
1I4ZJ2399IQ529443,2013,54,NISSAN,Town & Country,6,2,false,E,G,5
3W1RF7839QB980716,2005,53,NISSAN,Mazda6,7,4,false,E,G,5
8B2BA7172KZ768384,1996,64,Toyota,Laser,4,4,false,E,G,4
6A5IP4246EV173615,2016,58,Toyota,Tempo,5,4,true,E,H,5
4O5SO7910EL295694,2015,65,NISSAN,XK,4,4,true,A,G,5
8E7LM5113QI663947,2005,47,Toyota,Skylark,5,2,true,A,G,5
5S7PF5299VG099899,1997,60,Volkswagen,QX56,4,4,true,E,G,4
7H2WU0218KC228213,2001,50,NISSAN,G,5,2,true,E,G,4
6O5MV7881UV031831,2014,55,Toyota,Cherokee,8,4,false,A,H,5
4P2DX5183TC730769,2010,60,Chevrolet,Town Car,7,4,false,A,H,5
8P1ZH1375AL526346,2010,58,Chevrolet,Ghost,6,4,false,A,H,4
6J3BY5652HE522003,1996,48,Toyota,Vibe,6,4,true,A,H,5
8K9EM6559XF204379,1996,59,Toyota,Sentra,8,4,false,E,H,5
3T6FP6783ND053566,2018,65,NISSAN,R-Class,4,4,true,A,H,5
0O1DM6915GF436221,2018,59,Honda,Rogue,5,4,true,E,H,4
0Z0LF3690UZ494114,1998,49,Toyota,Equus,5,4,true,E,H,4
4L3GP7070NC935108,2014,51,Honda,RX,6,2,true,A,G,4
7P2ZO6788KP328117,1998,56,NISSAN,IS,7,4,false,E,G,5
9G0IN1639WE533639,2000,62,NISSAN,929,5,2,false,E,H,4
5Z5QB7309KF333943,2010,51,Toyota,Mariner,8,2,true,E,G,4
6S0ZJ7298PA324907,2008,61,Toyota,Prelude,6,2,false,A,H,4
5M1TV0377VK338184,2007,56,NISSAN,Focus,8,4,false,E,H,5
0V7NM0752CR829862,2004,59,NISSAN,Montero,6,2,true,E,H,4
9G0XV4704QL654894,2006,53,Toyota,Regal,4,4,true,A,H,4
6O0MU6752GB228808,2015,61,Toyota,Sierra 3500,7,2,true,E,H,5
6B3BE9835IE884419,2018,51,Toyota,Challenger,5,4,false,A,H,4
4P6VF1107RH762011,2009,58,Chevrolet,XF,5,2,false,E,H,4
1J5DR1472IG413098,1997,64,NISSAN,Silverado 1500,4,4,true,E,H,5
1M4HO4775UH837504,2018,60,Toyota,tC,4,4,true,E,H,4
7X5MY4668DY816407,2007,46,Chevrolet,Monte Carlo,4,4,true,E,G,4
9T4BE6952BH585399,2016,49,NISSAN,Tundra,5,4,true,E,G,5
0J2GO2147TU479608,2010,57,NISSAN,Savana 1500,5,4,true,A,G,4
8H0HD9603ED842952,2010,59,NISSAN,Alero,4,4,false,E,H,4
6T1AD6854IQ092000,2003,56,NISSAN,H1,5,4,true,A,G,4
6T7SM9074LZ541820,2007,52,Toyota,Mazdaspeed 3,4,2,true,A,H,5
6H1IW0353YU867534,2002,52,NISSAN,Cherokee,6,4,true,E,H,5
1U8KW9887IF855612,2005,59,NISSAN,Compass,6,4,true,A,G,4
6I3LI6011WA100739,2010,47,NISSAN,Odyssey,4,2,true,E,G,5
7T1UO7569RN731760,2006,48,NISSAN,Ram Wagon B250,4,2,false,A,H,4
3E6UM9515CO376074,2010,47,NISSAN,Yaris,8,2,true,E,G,4
7N5LT2697BV594677,2014,48,NISSAN,S8,7,2,true,A,G,4
7W3IW8901PS229833,1998,64,Toyota,Explorer,4,4,true,E,H,4
6H7IS5907LW020985,2003,63,NISSAN,Odyssey,6,4,false,E,G,4
8V9UG2364EK499150,2007,62,NISSAN,Element,8,4,false,A,G,4
1A6JE0387KU389858,2007,53,Volkswagen,Camaro,6,4,false,A,H,4
8M2CR4526JM807753,2008,62,Toyota,Prius Plug-in,8,4,true,E,H,5
9Z4MX0714KJ754629,2014,53,Chevrolet,LUV,7,4,true,A,G,5
5B2ZS4496TN271942,1996,60,Toyota,Sequoia,5,4,true,E,G,5
3H4TI6286LS160554,2016,65,Toyota,Quest,4,4,true,E,H,5
5E0SH3614VP162735,2015,59,NISSAN,Yukon XL 1500,8,4,true,A,G,4
8G1PF9737TV798320,2017,47,Chevrolet,Jetta,7,4,false,A,G,5
5P3VS9773AZ782150,1999,52,NISSAN,Yaris,5,4,false,A,H,5
0C9KY4294GA445977,2007,64,NISSAN,Diamante,8,4,true,E,G,5
7A2MT8873MF531976,2009,52,Chevrolet,300M,5,4,true,A,H,5
5H5WM5681VL468281,2001,64,NISSAN,Sierra 2500,8,4,true,E,G,5
8R2OR7876IU374560,1997,61,NISSAN,GL-Class,8,2,false,E,H,5
0Q5AY8105GX159990,2000,50,Volkswagen,Seville,6,2,false,A,G,4
9R1TA4098OT506660,2001,53,Toyota,GS,5,2,true,E,G,5
5W1AI6400UH561431,2018,57,NISSAN,Familia,7,4,false,E,H,5
0E0JN8508YV289553,1999,49,Volkswagen,Mark VIII,6,4,true,A,G,5
8Y2VN1986WD983303,2000,48,NISSAN,Cougar,4,4,true,E,H,4
1K3TJ3613HG867041,2009,61,Chevrolet,Escape,5,2,false,A,H,4
5D0TC9148PS528045,2009,51,NISSAN,Pilot,6,2,true,E,H,5
3O2KF7759KD502812,2006,52,NISSAN,626,4,4,false,A,H,4
2Y5RC0135XL491150,2012,59,Toyota,Econoline E150,6,4,true,A,H,5
7V9MJ5853TH331813,2015,61,NISSAN,7 Series,7,4,false,E,G,5
9Q5PE7363PU732097,2010,51,NISSAN,Frontier,8,2,true,A,H,5
0Z4LX1157FT017381,2012,46,NISSAN,MPV,8,2,true,A,H,5
1M0TC3631BL783674,2017,54,NISSAN,SL-Class,6,2,false,A,H,5
3L3WK9451TF296902,2012,54,NISSAN,Express 3500,8,2,true,A,G,4
4B2XM3620LU258496,2018,56,Chevrolet,Virage,8,4,false,A,H,4
7Q0WL4775GN040295,2017,45,Toyota,LeSabre,5,4,true,E,G,4
5V7IY5945KF018356,2016,49,NISSAN,LFA,7,4,true,E,G,5
2D2MW2341SL679029,2009,50,Toyota,Dakota,7,2,true,E,G,4
7U0WQ4755HE477930,2016,46,Toyota,Evora,5,4,true,A,H,5
7L3YB7278SN926802,2008,53,Toyota,Metro,6,2,false,A,H,4
5M0PY9133JW786713,2018,58,Chevrolet,Ram 1500 Club,7,2,false,E,G,5
2M8NF5711GM396638,2000,59,NISSAN,RAV4,8,4,true,A,H,4
6N1QF6261DO268493,2016,59,Honda,Intrepid,8,4,false,E,H,4
0D9EF3786WM667255,1998,50,NISSAN,I,5,2,true,A,G,4
5K7IP1334EC947275,2004,62,NISSAN,Optima,7,4,true,A,G,5
0Q3XI9591WI451254,2010,57,NISSAN,612 Scaglietti,8,4,false,E,H,4
1Y2MA4192IK168364,2009,64,NISSAN,S10,6,2,true,A,H,5
0Z4GV7506UR449084,2016,65,Honda,SJ,4,4,false,A,H,4
2N9YR7683VP413083,1999,57,NISSAN,S10,5,4,false,A,H,4
5Q0GD7196ZN771630,1997,57,Toyota,Tiburon,4,2,false,A,H,5
9L1ZF7561NW502279,2005,64,NISSAN,Rodeo,8,4,true,E,G,4
5U2SB5207LX885577,2002,52,NISSAN,7 Series,7,4,false,E,G,5
0Q1AM5061RJ370787,1999,48,NISSAN,Quattroporte,8,4,false,A,H,5
5S1PR7006AQ993001,2000,50,Toyota,Ridgeline,6,4,false,E,H,4
4B2JI8626EU387647,2012,51,NISSAN,Continental GT,6,4,true,A,G,4
1S5WD6446SH294802,2015,64,Toyota,G37,7,2,false,A,H,5
1E5CB5494GZ286992,2007,51,NISSAN,Murano,7,4,true,A,G,5
6K9SF0314DV765164,1997,63,Toyota,V40,6,4,true,A,G,4
1G1RC4910ZI786446,2016,65,NISSAN,CR-V,4,2,true,E,G,4
3V3EC7618KE874052,2002,46,Toyota,Econoline E150,6,4,false,A,H,4
4I6QX4027TG658915,2012,51,NISSAN,GX,6,2,false,A,H,4
8V3LG2130GZ785405,2011,60,Chevrolet,Vigor,8,4,false,E,H,5
4L7WT3036AX576191,2009,51,NISSAN,C8,5,4,false,E,G,4
7R1UD9517DW499959,1997,57,NISSAN,Sonata,8,4,false,E,H,4
6W8EF0807FV447736,2017,55,Toyota,Prowler,5,2,false,E,G,4
6H9RX3749XH003840,2015,63,NISSAN,Ranger,4,2,true,E,H,4
6V5TO1633UL720147,2009,47,NISSAN,MGB,7,4,true,E,H,5
1A2XS1215PE274113,2000,50,NISSAN,F150,4,2,false,E,H,4
1D5AD3771AO210568,2004,53,Ford,GTI,8,4,false,A,H,5
8K3QW8561UR433707,1996,46,Chevrolet,A4,8,2,false,E,G,4
0W3WD7839EY971749,2018,47,NISSAN,LaCrosse,7,4,true,A,G,4
1L9ZI0263DL767140,2007,48,Chevrolet,TrailBlazer,4,4,false,A,G,5
0D7HI7311UQ528379,2006,61,NISSAN,E-Series,8,4,false,A,G,5
7T0JW5682MH766509,2011,53,Toyota,Fairlane,6,4,true,A,H,4
9M2RZ9692OX896372,2005,49,NISSAN,i-350,4,4,true,E,H,4
4Z4CF5481TC940723,2009,60,NISSAN,D350 Club,7,4,false,E,H,5
7L6EX4105LM698180,2006,49,NISSAN,Aero 8,6,2,false,A,H,4
9V3AI6214NG635577,2005,62,Honda,G-Series G30,8,4,true,A,G,4
2I3FM3498MH492278,2005,60,NISSAN,Lumina,5,2,true,A,G,4
6C3RN0847YU723257,2006,59,NISSAN,Ram 3500 Club,4,4,false,A,H,4
2H2AR4118QO997178,2000,56,Toyota,9000,7,4,true,E,G,5
9Y9QU9129BX544125,2012,51,NISSAN,M6,5,2,false,E,G,5
2T1HN1773LF225724,1996,65,Ford,Escort,7,4,true,A,G,4
8U0CU2949KB621887,2005,63,Chevrolet,Excel,8,2,false,E,G,4
6A1TZ0109PW462518,2006,57,NISSAN,S8,7,4,false,A,H,4
6Q4CI5906HC171364,2010,46,Honda,Sedona,6,4,false,A,G,5
8H2JX5700XP874017,2001,63,Toyota,Savana 1500,7,4,false,A,G,4
0O1PH7018IF846168,2011,45,NISSAN,Town Car,7,2,true,E,G,4
9E9SG1331WQ814958,1998,57,NISSAN,Suburban 1500,8,4,true,E,H,4
3G9LO7514KQ296857,2011,51,NISSAN,Town & Country,4,4,true,E,G,5
8R8OF5717IV661434,2006,50,NISSAN,Skyhawk,8,2,false,E,H,5
8M5FG1453DN620330,2018,59,NISSAN,Grand Marquis,5,4,false,E,H,4
1G6DB8457KE930008,2013,58,NISSAN,Safari,7,4,false,E,H,5
9V1LS0734GQ328714,2001,57,Volkswagen,Sierra 3500,4,2,true,A,G,4
3T6FW7837QH428978,2003,61,NISSAN,Elise,6,2,false,A,H,4
1T3MA1472IJ379556,2015,54,Toyota,370Z,8,4,true,A,H,4
0S4CA0466PU728072,2004,59,NISSAN,S80,5,4,true,A,H,4
1E1VP6067LK203954,1997,64,NISSAN,LS,4,2,true,E,H,4
9J7FD3024GF909971,1997,50,NISSAN,Pathfinder,6,4,true,E,G,5
1V9XO3517PN812381,1996,47,Chevrolet,Highlander,7,4,false,A,H,5
5J1EN0239BC728511,2017,51,NISSAN,Relay,6,2,false,A,G,5
7R3VL7056MU128309,2015,56,Honda,Sierra,8,2,false,A,G,4
2V9MR9201LN566169,2000,53,Toyota,Econoline E250,7,2,false,E,H,5
1Q1UP1469FS305087,2007,62,NISSAN,Bonneville,6,4,false,A,G,4
0B9KD7311AD725706,1999,59,NISSAN,Impreza,5,2,false,A,G,5
6O8FC3321HP355187,2008,55,NISSAN,Corvette,7,4,false,E,H,4
5T2ZT2746TQ734270,2017,51,NISSAN,G-Series G20,4,4,true,A,H,5
2T7HX3243DU935334,2014,61,NISSAN,XK Series,8,4,true,A,H,4
1T8MJ7812GF720938,2007,51,Toyota,Eldorado,4,2,false,A,G,5
7N7EI8144CU606642,2012,57,NISSAN,Century,7,4,true,A,H,5
4Z6IS3284NF282845,1997,61,Volkswagen,Explorer Sport,5,2,false,E,G,4
0C9ZL6225IG037219,1999,61,Ford,Savana 2500,8,2,true,E,H,4
3N5SM8018AE430180,2001,54,NISSAN,Grand Cherokee,4,4,false,A,G,4
8V6QW4636IH486977,2006,51,NISSAN,Daewoo Lacetti,5,4,false,E,G,4
7O3JU7136OY932410,2012,47,Toyota,G,6,4,true,E,G,5
6C7SE7703JF944266,2000,63,Honda,E350,7,2,false,E,H,4
0Z9BQ8758SF324597,1998,64,NISSAN,Impala,4,4,true,E,H,4
8E4PS2242BJ211303,2012,49,NISSAN,Savana 2500,4,4,true,E,H,5
8U0UA1191AK738297,1996,61,NISSAN,S-Class,8,4,false,E,G,5
3U1YQ9848VW473764,2018,51,NISSAN,9-3,5,2,true,E,H,5
0N6FT7550GL969801,2016,48,NISSAN,A8,6,4,false,A,G,4
7A2WB7263QC348462,1999,45,NISSAN,Cherokee,4,4,false,E,H,5
5D6WJ0529LZ679490,2017,45,Ford,CL65 AMG,5,4,true,A,H,5
7M1RP0271OR474011,1996,46,NISSAN,Legacy,8,4,true,A,G,5
3H3NH8025QD674563,2007,65,Toyota,Toronado,4,4,true,E,H,5
4A4OR7428NL102719,2012,53,NISSAN,Touareg 2,8,4,true,A,H,4
0K1FV1418OW683087,2002,62,Volkswagen,Tredia,5,4,true,A,H,5
3R9IX6862JB410340,2010,64,NISSAN,Protege,6,4,true,E,G,5
1X9FN7172ZY804672,1996,56,NISSAN,Voyager,8,4,false,A,G,5
6J3ER3502LU326203,1996,62,Volkswagen,Grand Voyager,8,4,true,A,G,4
1N4FB8187QJ601939,2000,53,NISSAN,E-Series,4,4,false,E,G,5
9A2EH3058OK946673,2003,51,NISSAN,Edge,8,4,false,E,H,5
2Q0NR1018QV637733,2014,45,Toyota,Aerostar,4,4,true,A,H,4
5F1BP0376RQ875076,2014,62,Honda,Fit,8,2,false,A,G,4
4F4VY6358PG530222,2004,65,Toyota,Cultus,6,2,false,A,G,4
1G8AY8083QG432955,2006,65,Volkswagen,S2000,6,2,false,A,G,4
2P4KP5648YP916904,2007,65,NISSAN,G-Class,6,4,true,A,G,5
3H9MN3734AD054242,1999,53,Toyota,Sprinter 3500,5,4,false,E,G,4
3X3EG9961ZT965102,2002,60,NISSAN,A5,7,4,false,E,G,4
1I0LW8974PB665462,2006,50,NISSAN,Allante,5,4,false,E,H,4
1N8YM4735OT763571,1996,52,NISSAN,Grand Marquis,5,4,false,A,G,5
6U8XF6349FM654411,2012,48,Chevrolet,7 Series,6,4,false,E,H,4
1Q4MX8904ZT250661,1999,53,Toyota,Savana 3500,4,2,false,A,H,4
3F3SU7643JE377182,2010,50,NISSAN,Versa,7,4,false,E,G,5
1L9QF8932RB158991,1997,63,Toyota,Canyon,6,4,false,A,G,4
9V6QJ1785HX541116,2015,56,NISSAN,G,5,2,false,E,G,5
8N8GY8823RY688683,2006,59,NISSAN,3500 Club Coupe,8,4,true,A,G,4
9Z6BC0734UR021769,2009,58,Toyota,Breeze,4,4,true,E,G,5
4C2SR3696XV094751,2006,55,NISSAN,Yukon,5,2,true,E,G,5
1W5FB3397LE324850,2013,55,Volkswagen,Quest,6,4,true,A,H,5
3T0WH8654UA882398,2014,54,NISSAN,Esperante,4,4,true,A,G,4
6W1YR9027KU866852,2005,48,Ford,GS,6,4,true,A,H,4
4V3UP3201IT879210,2014,50,Ford,323,7,4,true,A,G,5
5Z8ZS7246EN030208,2013,48,NISSAN,Impala,7,4,false,A,H,5
9O8WC6266VW360938,2015,59,NISSAN,Sterling,7,4,true,A,G,5
7A1SZ9355WH459095,1997,53,NISSAN,Astro,5,4,true,E,H,4
5D6NX4755OH721716,2001,60,NISSAN,4000CS Quattro,6,2,true,A,G,4
0V5XA2303MU987421,2004,63,NISSAN,Continental Flying Spur,6,4,true,E,H,5
4S2RP8476RO871429,1998,53,NISSAN,Camaro,4,2,false,E,H,4
2Y5SO0923KM659812,2016,52,NISSAN,626,4,2,true,E,G,5
2O0RS8290QF870757,2008,51,NISSAN,CLK-Class,4,2,false,A,G,5
0V2GW3013RV388353,2005,53,NISSAN,G-Series G10,7,4,true,A,H,5
3K6CL8356KV130398,1996,65,NISSAN,Patriot,8,4,true,A,H,5
3V2DH9446FP757428,2004,51,NISSAN,Yukon,8,4,true,A,H,4
4R4AR4538IA592652,2002,55,NISSAN,9-3,7,4,false,E,G,5
7E4PS6757PG964558,2014,60,NISSAN,Milan,7,2,false,E,H,5
9P3HY3794NB515650,2012,52,Toyota,Caliber,4,4,true,E,H,5
4J4IF1762WE702989,2006,58,Toyota,Camry,8,4,true,A,H,4
0R9KV4910TK750956,1997,54,NISSAN,ZDX,5,2,false,E,H,5
8P1GQ5642QA846289,2012,54,Toyota,Exige,8,4,true,A,H,5
3C1TJ9329IR407475,1996,62,NISSAN,F350,4,4,true,A,G,5
4D7TG3686FE786348,2011,47,NISSAN,Torrent,7,4,true,A,H,5
5B4ZE9316ZH373579,2009,61,NISSAN,Envoy,6,4,true,E,G,4
9O9MN5515LX869008,2015,57,Chevrolet,Golf,7,4,false,E,G,4
7Z5JA9528ZO566278,2015,62,Chevrolet,Diablo,7,4,true,A,G,5
0Q8PB1161WT071665,1999,46,NISSAN,Grand Prix,4,4,true,E,H,4
5I9WC3827TW062645,2007,54,NISSAN,Boxster,8,4,false,A,H,5
9S7OW1261SY782947,2001,56,NISSAN,Explorer,8,4,true,E,G,5
1F8TM2404RU625379,2013,51,NISSAN,100,7,4,true,E,G,5
5L1IA2345PJ585728,2002,52,Toyota,Maxima,8,4,false,E,G,5
0X4HX4399HJ586513,2015,61,NISSAN,2500,4,2,true,E,H,5
3R8EV0016ZY748448,2005,47,NISSAN,SJ,8,2,false,A,G,5
9S7YZ5344OM883981,1999,48,NISSAN,Optima,4,2,true,A,G,5
7H8GH6290VE716396,2003,49,Toyota,Scoupe,5,4,false,E,G,5
4N3SV2163CD197940,2013,46,Toyota,Fiero,8,4,false,A,H,5
1A8KH6734QA889975,2013,53,Toyota,Grand Caravan,4,2,false,E,G,4
6X5TI4235UZ341604,2006,50,Chevrolet,7 Series,4,4,true,E,H,5
6M1XB4676BG061967,2015,50,NISSAN,F430 Spider,6,4,false,E,G,4
5U3AI1902TO791430,2007,64,NISSAN,Countach,7,2,false,E,G,5
4G7QA6952TB303584,2017,51,Chevrolet,5 Series,5,4,false,E,H,5
3M0LJ8578JT170684,2003,62,NISSAN,900,5,4,true,A,G,5
8D6XS3897PJ381656,2006,59,Toyota,Esteem,8,4,false,A,H,4
0C6WP9852ZF894603,2005,63,Toyota,Tacoma,4,2,true,A,H,4
5Y6SQ4166BE335408,2000,56,NISSAN,Continental,5,4,true,A,G,5
4D7EU2197ZQ957682,2014,51,Toyota,Impreza WRX,4,4,false,A,H,4
2S1CD2374DO275861,2016,60,Toyota,62,8,4,true,A,H,4
2W6XP4745OV483828,2005,63,Volkswagen,Suburban,4,4,true,E,G,4
3R6FS6743ZL094976,2016,46,Toyota,Grand Prix,7,2,true,E,G,5
1D9HM7202GN493555,1998,49,Chevrolet,Reatta,5,4,true,A,H,5
5H8UA9147XM277526,2013,51,NISSAN,Sentra,7,4,true,A,H,5
5A2ZM7837HZ499066,2017,55,Chevrolet,Neon,8,4,false,A,G,4
3P3RU3046CX935041,1999,48,Volkswagen,ES,6,2,true,A,H,5
9U6ZD1083HG347279,2009,54,NISSAN,Quest,7,4,false,E,H,4
3S9GP1312JW295072,2013,50,NISSAN,Yukon XL 1500,8,4,true,A,H,5
0V2BG0185GF487551,2015,60,NISSAN,Econoline E250,6,4,false,E,H,5
5O0HR9964SC648858,2018,61,Chevrolet,350Z,4,4,true,A,H,4
5C6VJ0594WE883827,2016,55,NISSAN,RSX,8,4,true,A,G,4
9F7KA4962NQ078377,2015,63,Chevrolet,Escalade ESV,8,2,false,A,G,5
3F7GK5761MY223377,2000,56,NISSAN,Land Cruiser,7,4,false,E,G,5
8I9UT0371BQ249833,2001,49,Ford,C70,5,4,true,E,G,5
9S4IM5693BH534380,2015,60,Chevrolet,Eclipse,7,2,true,E,G,4
7N2DZ6130CD908256,2015,49,Toyota,Bonneville,4,2,true,E,G,5
9O3JF5277MU115244,2015,61,NISSAN,I,5,2,true,A,G,5
2U7JT2317GS014772,2007,50,NISSAN,Carrera GT,7,2,false,A,H,4
4M5LY3044XF818851,1999,46,NISSAN,Savana 1500,6,2,false,E,G,5
1K2BI1770DU984797,1999,50,NISSAN,Ram 2500,6,4,false,E,G,4
2W3SJ3475VA799237,2013,47,NISSAN,Camry Hybrid,5,4,true,A,G,5
4B3ZH8133WC342408,2006,52,Honda,Express 1500,8,4,false,E,G,5
9P5KT8652QH807858,1996,52,Toyota,Mirage,4,4,true,A,G,4
6Y1VR2444XV793961,2011,65,Ford,LeBaron,8,2,false,E,H,5
0E0VK5731FS949222,2003,56,NISSAN,Continental,4,4,true,E,G,4
5T0LX5993PF251924,1996,47,NISSAN,Express 3500,8,2,true,E,H,4
8C2UA0926BU234603,2013,55,NISSAN,1500,7,2,true,A,G,4
7A5DQ1334TD150671,2003,46,NISSAN,Clubman,5,4,false,E,G,5
1L5VH6850GT516547,2001,47,NISSAN,Eurovan,5,2,false,E,G,4
6M7RH1059TX897468,1996,52,Chevrolet,Firebird,8,4,true,E,G,5
7Q7TD4299MH877846,2000,59,NISSAN,Savana 2500,6,4,true,E,H,4
1K0RJ7505QR878171,2011,51,Volkswagen,Town & Country,8,4,true,E,G,5
9Q4CH8873FN714199,2018,65,Ford,Soul,4,4,true,A,H,4
1W2UO3533PU063010,2010,48,NISSAN,300SL,8,4,false,E,H,5
4F6BW4895MZ191691,2000,54,NISSAN,Celica,7,2,false,E,H,4
0Q7RB2954CG819306,2002,61,Volkswagen,SVX,8,4,false,A,G,5
4F3SQ0139HL389653,2011,62,Volkswagen,MKZ,4,4,false,A,G,5
1A8CR4233BX560128,2016,49,NISSAN,Civic,4,4,true,E,H,5
3O1CW4932EF299615,2017,61,NISSAN,Capri,7,2,true,E,H,5
2D8CR6040VU084108,2010,45,NISSAN,Forester,5,4,true,A,G,5
1L7HT6439TW520202,1996,61,Honda,T100,8,2,false,A,G,5
9G0NC3461AK400024,2011,62,NISSAN,3000GT,4,2,false,E,G,5
0N9ID5155TX280817,2003,51,Volkswagen,Prelude,5,4,true,E,H,5
3U0KC5056XZ648270,2018,46,NISSAN,Rodeo Sport,8,4,false,E,H,4
0W0QK5581XS078036,2016,58,NISSAN,Scoupe,8,4,false,E,G,4
3V5BN3298AL722916,2005,46,Toyota,Malibu Maxx,6,2,false,A,G,4
0Q2PG1111BL784289,2000,51,NISSAN,TT,4,4,false,A,G,4
9D6TR9827SM588215,2017,50,Volkswagen,SC,6,2,true,E,H,4
5R8GE8365MN168182,2015,47,Chevrolet,Yukon XL 2500,8,4,true,A,H,5
5I8PH9147NV892252,2018,61,NISSAN,Sonoma Club Coupe,7,4,true,A,G,5
8F7YD1944XT243363,2004,60,NISSAN,Prius,5,4,false,A,H,5
0H2AV3890TH597280,2018,48,NISSAN,Touareg 2,4,2,true,A,H,5
5F1ML1676KZ901953,2008,55,NISSAN,Venza,7,4,false,A,H,5
1C6VR2830KH840308,2007,59,NISSAN,E-Series,4,4,false,E,H,4
0H2MI8467VP725708,2011,57,NISSAN,240,6,4,false,E,G,4
7G4YC2645WH824606,2012,56,NISSAN,Tiburon,8,4,true,A,H,4
8W0RM2480PN003257,2014,48,Toyota,B-Series,5,4,true,A,H,5
3W6FH0834OL457879,2003,50,Toyota,RS4,8,2,true,E,G,5
6G8UG1025DZ811384,2013,49,NISSAN,Cutlass,6,2,false,E,G,4
2B6JL0659UP886245,2005,46,Chevrolet,Freelander,5,2,false,E,G,4
2M1IO0365KR165864,2014,56,Toyota,Discovery,4,4,true,A,G,5
6O5CF9068NS666872,2011,56,Chevrolet,RVR,7,4,true,A,H,5
9Y2RN8722XA092004,2014,60,NISSAN,F-Series,4,2,false,A,H,5
6E0XB9730QL313291,2015,61,Toyota,A4,4,4,true,E,G,5
9N3EZ9993KI925054,2000,48,Chevrolet,Nitro,6,4,true,E,G,4
1D6RJ1437ZV026957,1998,64,Volkswagen,Topaz,5,4,false,A,G,4
1Q7XF8176CF470449,2007,56,Chevrolet,Grand Vitara,8,4,false,E,H,5
5G8SG0754GP610518,2002,55,Ford,Century,8,4,true,A,H,4
8U2YK1849RU772875,2005,45,NISSAN,F-Series,5,4,true,E,G,4
7S8GX1558FQ100675,2006,61,NISSAN,Suburban 2500,8,2,false,E,G,4
5R2NI5421MN721505,2015,46,Volkswagen,Probe,8,4,false,A,G,5
8Q1NV5439DI418262,2001,46,NISSAN,SL-Class,4,4,false,E,G,5
4F3XL2445JS648525,1999,59,NISSAN,V70,4,4,true,A,H,5
4J4HF4070EB416326,1996,52,NISSAN,F350,7,2,false,A,G,4
1P6EG2444YI334842,1996,51,NISSAN,7 Series,6,4,true,E,H,4
8F3LM0598CH721927,1999,45,NISSAN,Daewoo Magnus,7,4,true,E,G,4
6Z4YR2672QA008068,1997,47,NISSAN,Jetta,4,4,true,A,H,5
7I8QW2000YF103104,1999,58,NISSAN,Grand Am,8,2,false,E,H,4
5B1RT2031SE780283,2011,58,Toyota,Safari,8,4,true,A,H,5
8J9QD2870MX637659,2000,64,Volkswagen,Crown Victoria,7,4,false,E,G,5
8D4JQ0872GV870805,2000,47,Toyota,RX,5,4,false,A,H,4
7B5NQ5907SI754804,2018,48,Chevrolet,Familia,5,2,false,E,H,4
9Z1EZ0408FJ284186,2016,56,Chevrolet,Bonneville,7,2,true,E,G,5
4O6WV0914XA952241,2005,58,Toyota,Cabriolet,5,2,true,E,H,4
1K9HA1795QS871281,2017,55,Chevrolet,X-Type,4,4,true,E,G,5
0U6AN3032HX124249,2003,55,NISSAN,PT Cruiser,6,4,false,E,G,5
6Q6GY7072FQ959479,2004,51,Chevrolet,Dakota Club,4,2,true,A,H,5
4L7ZY4136MY337931,2001,61,NISSAN,Stealth,6,4,false,E,G,5
0R3EQ5310KF542527,2014,62,NISSAN,LS,6,4,true,E,G,4
8K1QP7611XL684532,2008,46,Toyota,PT Cruiser,8,2,true,A,H,4
5K7GV8205AX132884,2017,51,NISSAN,RAV4,8,2,false,A,H,5
0U0NL2827UA508962,1999,56,NISSAN,Imperial,7,4,false,A,G,4
5Q6FB8487WF690050,1999,63,Ford,Legacy,6,2,false,E,H,5
4V2JR9762KD615127,2008,60,NISSAN,XT,6,4,true,E,H,5
5W2YB1673LD826220,2017,58,Toyota,Passport,6,4,false,E,H,5
0I8GA2027CR286174,2006,60,NISSAN,3500,5,4,true,A,G,5
9N5IR8558ZN887329,2002,50,Toyota,CR-X,4,2,false,E,G,4
1N6RO3626UG945395,2009,53,Toyota,9-5,8,4,false,A,G,5
6R6VK6893IG574182,2001,62,NISSAN,Liberty,4,4,false,A,G,4
3V9JY6103HW194535,2006,62,NISSAN,Quantum,5,2,true,A,H,5
8U1JF3055IK020772,2015,51,Toyota,rio,8,4,true,A,G,5
5O7ZK1249XL547906,2008,55,Toyota,Jetta,8,4,false,A,G,5
4M3FC0787LW967570,2004,49,NISSAN,Safari,6,2,true,A,G,4
7J9KH5105MY551189,2003,64,Volkswagen,Integra,7,2,true,A,H,5
0J6FW7263HR596286,2014,51,NISSAN,Ranger,8,4,true,E,H,4
6H9HT0047TB606954,2001,50,NISSAN,57,4,4,true,A,G,4
0L2FK0639DJ836928,2008,58,NISSAN,Sierra 2500,5,2,false,E,G,4
1L9AF4381RZ466749,2018,55,NISSAN,Mystique,4,4,true,E,G,4
6Y8PV0453HW288613,2001,46,NISSAN,Esprit,7,4,false,E,G,4
7T5KB5700YE824546,2007,63,Chevrolet,Altima,8,4,false,E,H,5
5Q0GD3414CI727611,2007,55,Toyota,3500,6,4,false,A,G,4
8Z0GF9561EO441580,1999,59,NISSAN,Coupe GT,8,4,false,A,G,4
1R7XG1203MG581745,2008,46,NISSAN,Highlander,7,2,false,A,H,4
8I1PR4318TD431174,2010,53,NISSAN,MPV,8,4,false,E,G,4
6B0LY2962JF684726,1997,59,Toyota,Express 1500,8,4,false,E,G,4
7L3FT7164GU127775,2008,56,Toyota,Cobalt,7,4,false,E,H,4
9A0BC0515GD964497,2012,50,Chevrolet,4Runner,4,4,true,E,G,5
1R1QB7471QE384333,2008,48,NISSAN,Savana 1500,6,2,true,E,G,4
6E0VL1865GE097434,2008,52,Toyota,M5,5,4,false,A,H,5
5K8ZT9847YA268821,2007,54,Chevrolet,Sierra 2500,5,2,true,A,G,4
7T2LD2576CW371513,2013,53,NISSAN,V70,7,4,true,A,G,5
6A2QI3349RS110809,2013,52,NISSAN,X-90,7,2,false,E,H,4
3Q2ON3483JS308013,1998,47,Honda,Rondo,7,4,false,E,G,5
2D3TN2607IV222182,2001,60,Ford,Corolla,6,4,false,E,H,5
9Y4TW1812AH528933,2010,50,Toyota,Golf,4,2,true,A,G,4
7Y2WE2579XQ030735,2010,53,NISSAN,SL-Class,8,4,false,A,H,5
0M6RV8397AL519939,2000,51,Toyota,Avalanche 1500,6,4,true,E,G,4
7Z1AC7459PO436422,2005,51,NISSAN,F150,5,4,false,A,G,4
6G7OT2162IJ502916,2017,49,Chevrolet,J,4,2,false,E,G,5
9L1MC9982KC792716,2012,62,Chevrolet,Toronado,4,4,true,E,G,4
1Y7QS3752RH011642,1999,49,Chevrolet,RAV4,8,4,false,A,G,5
0P0QX2890CB636893,2012,45,NISSAN,IS F,8,4,true,E,G,4
0V0ML2915KF791240,2009,59,NISSAN,Mountaineer,8,4,true,A,H,4
9U6MN2152AG787506,2006,58,Chevrolet,Talon,4,2,true,A,G,5
3I9IT6727DF621417,1996,51,NISSAN,Eldorado,5,4,false,A,G,4
1Q6LO9970IB015555,2016,51,NISSAN,600SL,5,4,false,A,G,5
6L7AS2984JI005963,2017,60,Toyota,GTI,5,2,true,E,G,5
5W6TE7923FR933757,1996,58,NISSAN,V8 Vantage S,8,4,true,E,G,4
1Y4VQ8233YX198296,2012,64,NISSAN,Phaeton,5,4,false,A,H,4
3L0QX0196RF441879,2016,46,NISSAN,M5,7,4,true,A,H,4
4Q5UB0120PI280729,1999,64,Ford,Evora,5,4,true,E,G,5
6U7WP8531QB467183,2008,61,NISSAN,QX,8,4,false,E,G,4
8E1WL6741UW305509,2014,53,NISSAN,1500,6,4,false,A,G,4
6Q8UZ5604FN683776,2002,46,NISSAN,Entourage,5,4,false,A,H,4
5S7KZ4910EV831787,2010,51,NISSAN,Civic,5,4,true,E,G,5
7P8MD5210UF670416,2010,45,Volkswagen,Express 3500,8,4,true,E,G,5
8V5QI7209HD159841,2003,53,NISSAN,CX-9,4,2,false,E,H,5
1X2NI9287PD485916,1998,60,Chevrolet,C-Class,8,4,false,A,G,4
2I0MC3400RJ073272,2009,61,Toyota,S40,7,4,true,E,G,4
8O6OR4446IM838109,2011,65,Toyota,Miata MX-5,4,4,true,A,H,4
8T0VO4742MB675090,2011,54,NISSAN,Laser,5,2,true,E,G,4
4N8RG8880AK784460,2017,60,Toyota,Jimmy,6,2,true,A,G,4
5V7CI5137VD705314,2014,48,NISSAN,4Runner,8,4,false,A,G,4
6Y4YK4053UD908026,1998,47,NISSAN,Neon,5,4,false,A,G,5
7X3BY6491WQ375254,2014,57,Chevrolet,Type-1h,6,4,true,E,G,5
7H7PA7042IT651694,2004,47,Toyota,Interceptor,8,4,false,E,G,5
5D9FE3742KF416446,2017,48,Volkswagen,V50,5,4,true,A,G,5
0C8IN2826VD393555,2016,49,NISSAN,Sephia,4,4,false,A,G,5
8X4OZ5293PT544825,2015,45,Toyota,F-Series,4,4,false,E,H,4
4S6GD0699JL846253,2004,60,Toyota,CX-7,6,4,false,E,H,5
4B6PX3897MZ634599,2009,52,NISSAN,D350,5,2,false,E,G,4
0B7RX5179OP368040,2015,61,NISSAN,S4,5,4,false,E,H,4
9M5TO2406CS749374,2003,53,Volkswagen,Ram 1500 Club,7,4,true,A,G,5
5G7ZA6659UB052312,2016,56,NISSAN,GTO,5,2,false,A,H,4
3N0HL0734PN844375,2003,55,NISSAN,Prius,7,4,true,A,H,5
7T6PT8444MY136421,2016,59,NISSAN,T100,8,4,false,E,G,5
0L8UB5523WY787462,2001,45,Ford,Veloster,7,2,false,A,H,4
1K0MI4562GY869217,2003,46,Toyota,D250,8,2,true,A,H,5
6W1HR9382GF239145,1999,58,Volkswagen,Suburban 1500,8,4,true,E,H,4
6U4QY6179OY635518,1998,59,NISSAN,Express 2500,7,2,false,A,G,4
0M9SN2295ZY399887,2008,48,Toyota,Chariot,6,4,true,E,G,5
6D3PQ5009QP028087,1998,56,Toyota,HS,5,2,true,A,G,5
9Z0PO5390EL576355,2009,47,Volkswagen,1500,5,2,true,E,G,4
3K3TQ9369JY928028,2015,61,Volkswagen,Mirage,8,4,false,A,G,5
2T5VK3812BS709280,2008,65,NISSAN,PT Cruiser,5,4,false,A,H,4
5F7SK7344TM398243,2007,62,NISSAN,4Runner,8,4,false,A,G,5
4U1DB7539WF498528,2012,59,NISSAN,XC60,6,4,false,A,H,5
5J9TU6393IU009451,2012,50,NISSAN,H1,8,4,true,E,G,5
7V1OR7171HI594051,2016,62,Chevrolet,Cruze,5,4,true,E,G,4
2Q4JN7668FX270189,2002,49,Toyota,Jetta,7,4,false,A,G,5
1Y8YA6067JW299545,2002,51,NISSAN,A8,6,4,false,A,H,5
0O0AE7810ZR979120,2013,53,Toyota,Town & Country,7,4,true,A,H,4
5B9RM4391SP515866,2009,60,Ford,Lancer Evolution,6,4,true,A,H,5
8C4YO1487ZO986458,2017,61,NISSAN,Phantom,7,4,false,E,G,5
6B6QH3778IK494494,2012,61,Toyota,Boxster,7,2,false,A,H,5
4O6EF8697JQ438965,2017,48,Chevrolet,PT Cruiser,7,4,true,A,H,4
3U7BI8496QG625445,2000,64,NISSAN,Mustang,6,4,true,E,H,4
8Z7BQ4082JI778685,2015,61,Volkswagen,Ram Wagon B150,5,4,true,E,G,5
6J3NS0417YO160708,2013,63,NISSAN,Tracker,8,2,false,A,H,5
6M1MV1912CQ819246,1996,54,NISSAN,MR2,7,4,false,E,G,5
7O2CI1416DC779979,2018,64,Toyota,Accord,4,4,true,A,G,5
0F7QI4329EZ164648,2010,57,NISSAN,A4,7,4,false,A,H,4
5O6GU6940UD772379,2003,53,Toyota,Golf,6,4,false,E,G,5
8G8DN6517PA855845,1998,50,Honda,Classic,7,4,true,E,H,5
3E2CQ5675NR019087,2002,47,Toyota,IS,6,2,true,E,G,4
5V6RG0354VH867195,2010,63,NISSAN,Aspire,5,2,true,A,H,5
7F2DY0746RS649066,2009,51,Chevrolet,Laser,6,4,false,E,G,4
2A5PT3750PJ681040,2000,61,Chevrolet,GTO,8,4,true,E,H,4
5Y2ZO6658FZ113916,2012,65,Chevrolet,Sierra 3500,6,2,false,A,G,5
